0 verbose cli C:\Users\Lwh77\.workbuddy\binaries\node\versions\22.22.2\node.exe C:\Users\Lwh77\.workbuddy\binaries\node\versions\22.22.2\node_modules\npm\bin\npm-cli.js
1 info using npm@10.9.7
2 info using node@v22.22.2
3 silly config load:file:C:\Users\Lwh77\.workbuddy\binaries\node\versions\22.22.2\node_modules\npm\npmrc
4 silly config load:file:C:\Users\Lwh77\Desktop\workspace\okcode\.lockgen\.npmrc
5 silly config load:file:C:\Users\Lwh77\.npmrc
6 silly config load:file:C:\Users\Lwh77\Desktop\workspace\okcode\.lockgen\etc\npmrc
7 verbose title npm install
8 verbose argv "--prefix" "C:\\Users\\Lwh77\\Desktop\\workspace\\okcode\\.lockgen" "install" "--package-lock-only" "--ignore-scripts" "--registry" "https://registry.npmmirror.com" "--legacy-peer-deps" "--no-audit" "--no-fund" "--progress" "false" "--fetch-retries" "1" "--fetch-timeout" "60000"
9 verbose logfile logs-max:10 dir:C:\Users\Lwh77\Desktop\workspace\okcode\.npm-cache-p1\_logs\2026-08-20T10_24_57_222Z-
10 verbose logfile C:\Users\Lwh77\Desktop\workspace\okcode\.npm-cache-p1\_logs\2026-08-20T10_24_57_222Z-debug-0.log
11 silly logfile done cleaning log files
12 silly packumentCache heap:4345298944 maxSize:1086324736 maxEntrySize:543162368
13 silly idealTree buildDeps
14 silly fetch manifest next@^15.5.0
15 silly packumentCache full:https://registry.npmmirror.com/next cache-miss
16 http fetch GET 200 https://registry.npmmirror.com/npm 391ms
17 http fetch GET 200 https://registry.npmmirror.com/next 3620ms (cache miss)
18 silly packumentCache full:https://registry.npmmirror.com/next set size:3395149 disposed:false
19 silly fetch manifest react@^19.0.0
20 silly packumentCache full:https://registry.npmmirror.com/react cache-miss
21 http fetch GET 200 https://registry.npmmirror.com/react 148ms (cache miss)
22 silly packumentCache full:https://registry.npmmirror.com/react set size:1252577 disposed:false
23 silly fetch manifest react-dom@^19.0.0
24 silly packumentCache full:https://registry.npmmirror.com/react-dom cache-miss
25 http fetch GET 200 https://registry.npmmirror.com/react-dom 384ms (cache miss)
26 silly packumentCache full:https://registry.npmmirror.com/react-dom set size:1432156 disposed:false
27 silly fetch manifest @types/node@^22.0.0
28 silly packumentCache full:https://registry.npmmirror.com/@types%2fnode cache-miss
29 http fetch GET 200 https://registry.npmmirror.com/@types%2fnode 475ms (cache miss)
30 silly packumentCache full:https://registry.npmmirror.com/@types%2fnode set size:1167272 disposed:false
31 silly fetch manifest @types/react@^19.0.0
32 silly packumentCache full:https://registry.npmmirror.com/@types%2freact cache-miss
33 http fetch GET 200 https://registry.npmmirror.com/@types%2freact 106ms (cache miss)
34 silly packumentCache full:https://registry.npmmirror.com/@types%2freact set size:337419 disposed:false
35 silly fetch manifest @types/react-dom@^19.0.0
36 silly packumentCache full:https://registry.npmmirror.com/@types%2freact-dom cache-miss
37 http fetch GET 200 https://registry.npmmirror.com/@types%2freact-dom 355ms (cache miss)
38 silly packumentCache full:https://registry.npmmirror.com/@types%2freact-dom set size:83453 disposed:false
39 silly fetch manifest eslint@^9.39.2
40 silly packumentCache full:https://registry.npmmirror.com/eslint cache-miss
41 http fetch GET 200 https://registry.npmmirror.com/eslint 386ms (cache miss)
42 silly packumentCache full:https://registry.npmmirror.com/eslint set size:231984 disposed:false
43 silly fetch manifest eslint-config-next@^15.5.23
44 silly packumentCache full:https://registry.npmmirror.com/eslint-config-next cache-miss
45 http fetch GET 200 https://registry.npmmirror.com/eslint-config-next 1197ms (cache miss)
46 silly packumentCache full:https://registry.npmmirror.com/eslint-config-next set size:1259389 disposed:false
47 silly fetch manifest typescript@^5.6.0
48 silly packumentCache full:https://registry.npmmirror.com/typescript cache-miss
49 http fetch GET 200 https://registry.npmmirror.com/typescript 586ms (cache miss)
50 silly packumentCache full:https://registry.npmmirror.com/typescript set size:1706678 disposed:false
51 silly placeDep ROOT @types/node@22.20.1 OK for: okcode@1.0.0 want: ^22.0.0
52 silly placeDep ROOT @types/react@19.2.18 OK for: okcode@1.0.0 want: ^19.0.0
53 silly placeDep ROOT @types/react-dom@19.2.4 OK for: okcode@1.0.0 want: ^19.0.0
54 silly placeDep ROOT eslint@9.39.5 OK for: okcode@1.0.0 want: ^9.39.2
55 silly placeDep ROOT eslint-config-next@15.5.23 OK for: okcode@1.0.0 want: ^15.5.23
56 silly placeDep ROOT next@15.5.23 OK for: okcode@1.0.0 want: ^15.5.0
57 silly placeDep ROOT okcode@1.0.0 OK for: okcode@1.0.0 want: file:..
58 silly placeDep ROOT react@19.2.8 OK for: okcode@1.0.0 want: ^19.0.0
59 silly placeDep ROOT react-dom@19.2.8 OK for: okcode@1.0.0 want: ^19.0.0
60 silly placeDep ROOT typescript@5.9.3 OK for: okcode@1.0.0 want: ^5.6.0
61 silly fetch manifest undici-types@~6.21.0
62 silly packumentCache full:https://registry.npmmirror.com/undici-types cache-miss
63 silly fetch manifest csstype@^3.2.2
64 silly packumentCache full:https://registry.npmmirror.com/csstype cache-miss
65 silly fetch manifest @eslint-community/eslint-utils@^4.8.0
66 silly packumentCache full:https://registry.npmmirror.com/@eslint-community%2feslint-utils cache-miss
67 silly fetch manifest @eslint-community/regexpp@^4.12.1
68 silly packumentCache full:https://registry.npmmirror.com/@eslint-community%2fregexpp cache-miss
69 silly fetch manifest @eslint/config-array@^0.21.2
70 silly packumentCache full:https://registry.npmmirror.com/@eslint%2fconfig-array cache-miss
71 silly fetch manifest @eslint/config-helpers@^0.4.2
72 silly packumentCache full:https://registry.npmmirror.com/@eslint%2fconfig-helpers cache-miss
73 silly fetch manifest @eslint/core@^0.17.0
74 silly packumentCache full:https://registry.npmmirror.com/@eslint%2fcore cache-miss
75 silly fetch manifest @eslint/eslintrc@^3.3.6
76 silly packumentCache full:https://registry.npmmirror.com/@eslint%2feslintrc cache-miss
77 silly fetch manifest @eslint/js@9.39.5
78 silly packumentCache full:https://registry.npmmirror.com/@eslint%2fjs cache-miss
79 silly fetch manifest @eslint/plugin-kit@^0.4.1
80 silly packumentCache full:https://registry.npmmirror.com/@eslint%2fplugin-kit cache-miss
81 silly fetch manifest @humanfs/node@^0.16.6
82 silly packumentCache full:https://registry.npmmirror.com/@humanfs%2fnode cache-miss
83 silly fetch manifest @humanwhocodes/module-importer@^1.0.1
84 silly packumentCache full:https://registry.npmmirror.com/@humanwhocodes%2fmodule-importer cache-miss
85 silly fetch manifest @humanwhocodes/retry@^0.4.2
86 silly packumentCache full:https://registry.npmmirror.com/@humanwhocodes%2fretry cache-miss
87 silly fetch manifest @types/estree@^1.0.6
88 silly packumentCache full:https://registry.npmmirror.com/@types%2festree cache-miss
89 silly fetch manifest ajv@^6.14.0
90 silly packumentCache full:https://registry.npmmirror.com/ajv cache-miss
91 http fetch GET 200 https://registry.npmmirror.com/ajv 247ms (cache miss)
92 silly packumentCache full:https://registry.npmmirror.com/ajv set size:129790 disposed:false
93 silly fetch manifest chalk@^4.0.0
94 silly packumentCache full:https://registry.npmmirror.com/chalk cache-miss
95 http fetch GET 200 https://registry.npmmirror.com/@eslint-community%2feslint-utils 297ms (cache miss)
96 silly packumentCache full:https://registry.npmmirror.com/@eslint-community%2feslint-utils set size:23443 disposed:false
97 silly fetch manifest cross-spawn@^7.0.6
98 silly packumentCache full:https://registry.npmmirror.com/cross-spawn cache-miss
99 http fetch GET 200 https://registry.npmmirror.com/cross-spawn 37ms (cache miss)
100 silly packumentCache full:https://registry.npmmirror.com/cross-spawn set size:19398 disposed:false
101 silly fetch manifest debug@^4.3.2
102 silly packumentCache full:https://registry.npmmirror.com/debug cache-miss
103 http fetch GET 200 https://registry.npmmirror.com/undici-types 357ms (cache miss)
104 silly packumentCache full:https://registry.npmmirror.com/undici-types set size:47441 disposed:false
105 silly fetch manifest escape-string-regexp@^4.0.0
106 silly packumentCache full:https://registry.npmmirror.com/escape-string-regexp cache-miss
107 http fetch GET 200 https://registry.npmmirror.com/@humanwhocodes%2fmodule-importer 401ms (cache miss)
108 silly packumentCache full:https://registry.npmmirror.com/@humanwhocodes%2fmodule-importer set size:4138 disposed:false
109 silly fetch manifest eslint-scope@^8.4.0
110 silly packumentCache full:https://registry.npmmirror.com/eslint-scope cache-miss
111 http fetch GET 200 https://registry.npmmirror.com/debug 95ms (cache miss)
112 silly packumentCache full:https://registry.npmmirror.com/debug set size:32036 disposed:false
113 silly fetch manifest eslint-visitor-keys@^4.2.1
114 silly packumentCache full:https://registry.npmmirror.com/eslint-visitor-keys cache-miss
115 http fetch GET 200 https://registry.npmmirror.com/@eslint%2fplugin-kit 449ms (cache miss)
116 silly packumentCache full:https://registry.npmmirror.com/@eslint%2fplugin-kit set size:15388 disposed:false
117 silly fetch manifest espree@^10.4.0
118 silly packumentCache full:https://registry.npmmirror.com/espree cache-miss
119 http fetch GET 200 https://registry.npmmirror.com/@humanfs%2fnode 466ms (cache miss)
120 silly packumentCache full:https://registry.npmmirror.com/@humanfs%2fnode set size:9106 disposed:false
121 silly fetch manifest esquery@^1.5.0
122 silly packumentCache full:https://registry.npmmirror.com/esquery cache-miss
123 http fetch GET 200 https://registry.npmmirror.com/@types%2festree 485ms (cache miss)
124 silly packumentCache full:https://registry.npmmirror.com/@types%2festree set size:16478 disposed:false
125 silly fetch manifest esutils@^2.0.2
126 silly packumentCache full:https://registry.npmmirror.com/esutils cache-miss
127 http fetch GET 200 https://registry.npmmirror.com/@eslint%2fconfig-helpers 497ms (cache miss)
128 silly packumentCache full:https://registry.npmmirror.com/@eslint%2fconfig-helpers set size:10744 disposed:false
129 silly fetch manifest fast-deep-equal@^3.1.3
130 silly packumentCache full:https://registry.npmmirror.com/fast-deep-equal cache-miss
131 http fetch GET 200 https://registry.npmmirror.com/@eslint%2fjs 499ms (cache miss)
132 silly packumentCache full:https://registry.npmmirror.com/@eslint%2fjs set size:35983 disposed:false
133 silly fetch manifest file-entry-cache@^8.0.0
134 silly packumentCache full:https://registry.npmmirror.com/file-entry-cache cache-miss
135 http fetch GET 200 https://registry.npmmirror.com/@eslint%2fconfig-array 530ms (cache miss)
136 silly packumentCache full:https://registry.npmmirror.com/@eslint%2fconfig-array set size:16050 disposed:false
137 silly fetch manifest find-up@^5.0.0
138 silly packumentCache full:https://registry.npmmirror.com/find-up cache-miss
139 http fetch GET 200 https://registry.npmmirror.com/chalk 360ms (cache miss)
140 silly packumentCache full:https://registry.npmmirror.com/chalk set size:26531 disposed:false
141 silly fetch manifest glob-parent@^6.0.2
142 silly packumentCache full:https://registry.npmmirror.com/glob-parent cache-miss
143 http fetch GET 200 https://registry.npmmirror.com/escape-string-regexp 330ms (cache miss)
144 silly packumentCache full:https://registry.npmmirror.com/escape-string-regexp set size:4070 disposed:false
145 silly fetch manifest ignore@^5.2.0
146 silly packumentCache full:https://registry.npmmirror.com/ignore cache-miss
147 http fetch GET 200 https://registry.npmmirror.com/eslint-scope 369ms (cache miss)
148 silly packumentCache full:https://registry.npmmirror.com/eslint-scope set size:20122 disposed:false
149 silly fetch manifest imurmurhash@^0.1.4
150 silly packumentCache full:https://registry.npmmirror.com/imurmurhash cache-miss
151 http fetch GET 200 https://registry.npmmirror.com/file-entry-cache 299ms (cache miss)
152 silly packumentCache full:https://registry.npmmirror.com/file-entry-cache set size:30155 disposed:false
153 silly fetch manifest is-glob@^4.0.0
154 silly packumentCache full:https://registry.npmmirror.com/is-glob cache-miss
155 http fetch GET 200 https://registry.npmmirror.com/espree 384ms (cache miss)
156 silly packumentCache full:https://registry.npmmirror.com/espree set size:49388 disposed:false
157 silly fetch manifest json-stable-stringify-without-jsonify@^1.0.1
158 silly packumentCache full:https://registry.npmmirror.com/json-stable-stringify-without-jsonify cache-miss
159 http fetch GET 200 https://registry.npmmirror.com/esquery 372ms (cache miss)
160 silly packumentCache full:https://registry.npmmirror.com/esquery set size:9091 disposed:false
161 silly fetch manifest lodash.merge@^4.6.2
162 silly packumentCache full:https://registry.npmmirror.com/lodash.merge cache-miss
163 http fetch GET 200 https://registry.npmmirror.com/esutils 375ms (cache miss)
164 silly packumentCache full:https://registry.npmmirror.com/esutils set size:6036 disposed:false
165 silly fetch manifest minimatch@^3.1.5
166 silly packumentCache full:https://registry.npmmirror.com/minimatch cache-miss
167 http fetch GET 200 https://registry.npmmirror.com/find-up 338ms (cache miss)
168 silly packumentCache full:https://registry.npmmirror.com/find-up set size:8955 disposed:false
169 silly fetch manifest natural-compare@^1.4.0
170 silly packumentCache full:https://registry.npmmirror.com/natural-compare cache-miss
171 http fetch GET 200 https://registry.npmmirror.com/fast-deep-equal 374ms (cache miss)
172 silly packumentCache full:https://registry.npmmirror.com/fast-deep-equal set size:6487 disposed:false
173 silly fetch manifest optionator@^0.9.3
174 silly packumentCache full:https://registry.npmmirror.com/optionator cache-miss
175 http fetch GET 200 https://registry.npmmirror.com/glob-parent 326ms (cache miss)
176 silly packumentCache full:https://registry.npmmirror.com/glob-parent set size:7508 disposed:false
177 silly fetch manifest eslint-plugin-react@^7.37.0
178 silly packumentCache full:https://registry.npmmirror.com/eslint-plugin-react cache-miss
179 http fetch GET 200 https://registry.npmmirror.com/ignore 340ms (cache miss)
180 silly packumentCache full:https://registry.npmmirror.com/ignore set size:41198 disposed:false
181 silly fetch manifest eslint-plugin-import@^2.31.0
182 silly packumentCache full:https://registry.npmmirror.com/eslint-plugin-import cache-miss
183 http fetch GET 200 https://registry.npmmirror.com/imurmurhash 347ms (cache miss)
184 silly packumentCache full:https://registry.npmmirror.com/imurmurhash set size:3727 disposed:false
185 silly fetch manifest eslint-plugin-jsx-a11y@^6.10.0
186 silly packumentCache full:https://registry.npmmirror.com/eslint-plugin-jsx-a11y cache-miss
187 http fetch GET 200 https://registry.npmmirror.com/is-glob 345ms (cache miss)
188 silly packumentCache full:https://registry.npmmirror.com/is-glob set size:7964 disposed:false
189 silly fetch manifest @rushstack/eslint-patch@^1.10.3
190 silly packumentCache full:https://registry.npmmirror.com/@rushstack%2feslint-patch cache-miss
191 http fetch GET 200 https://registry.npmmirror.com/csstype 1155ms (cache miss)
192 silly packumentCache full:https://registry.npmmirror.com/csstype set size:41498 disposed:false
193 silly fetch manifest @next/eslint-plugin-next@15.5.23
194 silly packumentCache full:https://registry.npmmirror.com/@next%2feslint-plugin-next cache-miss
195 http fetch GET 200 https://registry.npmmirror.com/lodash.merge 327ms (cache miss)
196 silly packumentCache full:https://registry.npmmirror.com/lodash.merge set size:10640 disposed:false
197 silly fetch manifest @typescript-eslint/parser@^5.4.2 || ^6.0.0 || ^7.0.0 || ^8.0.0
198 silly packumentCache full:https://registry.npmmirror.com/@typescript-eslint%2fparser cache-miss
199 http fetch GET 200 https://registry.npmmirror.com/natural-compare 317ms (cache miss)
200 silly packumentCache full:https://registry.npmmirror.com/natural-compare set size:3164 disposed:false
201 silly fetch manifest eslint-plugin-react-hooks@^5.0.0
202 silly packumentCache full:https://registry.npmmirror.com/eslint-plugin-react-hooks cache-miss
203 http fetch GET 200 https://registry.npmmirror.com/@eslint%2fcore 1195ms (cache miss)
204 silly packumentCache full:https://registry.npmmirror.com/@eslint%2fcore set size:12267 disposed:false
205 silly fetch manifest eslint-import-resolver-node@^0.3.6
206 silly packumentCache full:https://registry.npmmirror.com/eslint-import-resolver-node cache-miss
207 http fetch GET 200 https://registry.npmmirror.com/@eslint-community%2fregexpp 1222ms (cache miss)
208 silly packumentCache full:https://registry.npmmirror.com/@eslint-community%2fregexpp set size:20792 disposed:false
209 silly fetch manifest @typescript-eslint/eslint-plugin@^5.4.2 || ^6.0.0 || ^7.0.0 || ^8.0.0
210 silly packumentCache full:https://registry.npmmirror.com/@typescript-eslint%2feslint-plugin cache-miss
211 http fetch GET 200 https://registry.npmmirror.com/@eslint%2feslintrc 1236ms (cache miss)
212 silly packumentCache full:https://registry.npmmirror.com/@eslint%2feslintrc set size:31884 disposed:false
213 silly fetch manifest eslint-import-resolver-typescript@^3.5.2
214 silly packumentCache full:https://registry.npmmirror.com/eslint-import-resolver-typescript cache-miss
215 http fetch GET 200 https://registry.npmmirror.com/optionator 370ms (cache miss)
216 silly packumentCache full:https://registry.npmmirror.com/optionator set size:12261 disposed:false
217 silly fetch manifest postcss@8.4.31
218 silly packumentCache full:https://registry.npmmirror.com/postcss cache-miss
219 http fetch GET 200 https://registry.npmmirror.com/minimatch 389ms (cache miss)
220 silly packumentCache full:https://registry.npmmirror.com/minimatch set size:98084 disposed:false
221 silly fetch manifest @next/env@15.5.23
222 silly packumentCache full:https://registry.npmmirror.com/@next%2fenv cache-miss
223 http fetch GET 200 https://registry.npmmirror.com/eslint-plugin-react 332ms (cache miss)
224 silly packumentCache full:https://registry.npmmirror.com/eslint-plugin-react set size:95329 disposed:false
225 silly fetch manifest styled-jsx@5.1.6
226 silly packumentCache full:https://registry.npmmirror.com/styled-jsx cache-miss
227 http fetch GET 200 https://registry.npmmirror.com/@humanwhocodes%2fretry 1313ms (cache miss)
228 silly packumentCache full:https://registry.npmmirror.com/@humanwhocodes%2fretry set size:8711 disposed:false
229 silly fetch manifest @swc/helpers@0.5.15
230 silly packumentCache full:https://registry.npmmirror.com/@swc%2fhelpers cache-miss
231 http fetch GET 200 https://registry.npmmirror.com/eslint-plugin-import 321ms (cache miss)
232 silly packumentCache full:https://registry.npmmirror.com/eslint-plugin-import set size:66597 disposed:false
233 silly fetch manifest caniuse-lite@^1.0.30001579
234 silly packumentCache full:https://registry.npmmirror.com/caniuse-lite cache-miss
235 http fetch GET 200 https://registry.npmmirror.com/eslint-plugin-jsx-a11y 328ms (cache miss)
236 silly packumentCache full:https://registry.npmmirror.com/eslint-plugin-jsx-a11y set size:43045 disposed:false
237 silly fetch manifest sharp@^0.34.3
238 silly packumentCache full:https://registry.npmmirror.com/sharp cache-miss
239 http fetch GET 200 https://registry.npmmirror.com/eslint-visitor-keys 1068ms (cache miss)
240 silly packumentCache full:https://registry.npmmirror.com/eslint-visitor-keys set size:14040 disposed:false
241 silly fetch manifest @next/swc-darwin-x64@15.5.23
242 silly packumentCache full:https://registry.npmmirror.com/@next%2fswc-darwin-x64 cache-miss
243 http fetch GET 200 https://registry.npmmirror.com/sharp 105ms (cache miss)
244 silly packumentCache full:https://registry.npmmirror.com/sharp set size:137089 disposed:false
245 silly fetch manifest @next/swc-darwin-arm64@15.5.23
246 silly packumentCache full:https://registry.npmmirror.com/@next%2fswc-darwin-arm64 cache-miss
247 http fetch GET 200 https://registry.npmmirror.com/styled-jsx 311ms (cache miss)
248 silly packumentCache full:https://registry.npmmirror.com/styled-jsx set size:65585 disposed:false
249 silly fetch manifest @next/swc-linux-x64-gnu@15.5.23
250 silly packumentCache full:https://registry.npmmirror.com/@next%2fswc-linux-x64-gnu cache-miss
251 http fetch GET 200 https://registry.npmmirror.com/eslint-import-resolver-typescript 400ms (cache miss)
252 silly packumentCache full:https://registry.npmmirror.com/eslint-import-resolver-typescript set size:62064 disposed:false
253 silly fetch manifest @next/swc-linux-x64-musl@15.5.23
254 silly packumentCache full:https://registry.npmmirror.com/@next%2fswc-linux-x64-musl cache-miss
255 http fetch GET 200 https://registry.npmmirror.com/postcss 435ms (cache miss)
256 silly packumentCache full:https://registry.npmmirror.com/postcss set size:103137 disposed:false
257 silly fetch manifest @next/swc-win32-x64-msvc@15.5.23
258 silly packumentCache full:https://registry.npmmirror.com/@next%2fswc-win32-x64-msvc cache-miss
259 http fetch GET 200 https://registry.npmmirror.com/@next%2fenv 499ms (cache miss)
260 silly packumentCache full:https://registry.npmmirror.com/@next%2fenv set size:1289847 disposed:false
261 silly fetch manifest @next/swc-linux-arm64-gnu@15.5.23
262 silly packumentCache full:https://registry.npmmirror.com/@next%2fswc-linux-arm64-gnu cache-miss
263 http fetch GET 200 https://registry.npmmirror.com/caniuse-lite 477ms (cache miss)
264 silly packumentCache full:https://registry.npmmirror.com/caniuse-lite set size:369313 disposed:false
265 silly fetch manifest @next/swc-linux-arm64-musl@15.5.23
266 silly packumentCache full:https://registry.npmmirror.com/@next%2fswc-linux-arm64-musl cache-miss
267 http fetch GET 200 https://registry.npmmirror.com/json-stable-stringify-without-jsonify 1111ms (cache miss)
268 silly packumentCache full:https://registry.npmmirror.com/json-stable-stringify-without-jsonify set size:2302 disposed:false
269 silly fetch manifest @next/swc-win32-arm64-msvc@15.5.23
270 silly packumentCache full:https://registry.npmmirror.com/@next%2fswc-win32-arm64-msvc cache-miss
271 http fetch GET 200 https://registry.npmmirror.com/@next%2feslint-plugin-next 824ms (cache miss)
272 silly packumentCache full:https://registry.npmmirror.com/@next%2feslint-plugin-next set size:1289843 disposed:false
273 silly fetch manifest scheduler@^0.27.0
274 silly packumentCache full:https://registry.npmmirror.com/scheduler cache-miss
275 http fetch GET 200 https://registry.npmmirror.com/@next%2fswc-linux-x64-musl 467ms (cache miss)
276 silly packumentCache full:https://registry.npmmirror.com/@next%2fswc-linux-x64-musl set size:1155441 disposed:false
277 http fetch GET 200 https://registry.npmmirror.com/@next%2fswc-darwin-arm64 632ms (cache miss)
278 silly packumentCache full:https://registry.npmmirror.com/@next%2fswc-darwin-arm64 set size:1187409 disposed:false
279 http fetch GET 200 https://registry.npmmirror.com/@rushstack%2feslint-patch 1088ms (cache miss)
280 silly packumentCache full:https://registry.npmmirror.com/@rushstack%2feslint-patch set size:26225 disposed:false
281 http fetch GET 200 https://registry.npmmirror.com/@next%2fswc-linux-x64-gnu 642ms (cache miss)
282 silly packumentCache full:https://registry.npmmirror.com/@next%2fswc-linux-x64-gnu set size:1189331 disposed:false
283 http fetch GET 200 https://registry.npmmirror.com/eslint-import-resolver-node 1118ms (cache miss)
284 silly packumentCache full:https://registry.npmmirror.com/eslint-import-resolver-node set size:7894 disposed:false
285 http fetch GET 200 https://registry.npmmirror.com/@next%2fswc-win32-x64-msvc 655ms (cache miss)
286 silly packumentCache full:https://registry.npmmirror.com/@next%2fswc-win32-x64-msvc set size:1184516 disposed:false
287 http fetch GET 200 https://registry.npmmirror.com/@next%2fswc-linux-arm64-musl 575ms (cache miss)
288 silly packumentCache full:https://registry.npmmirror.com/@next%2fswc-linux-arm64-musl set size:1160456 disposed:false
289 http fetch GET 200 https://registry.npmmirror.com/@swc%2fhelpers 1182ms (cache miss)
290 silly packumentCache full:https://registry.npmmirror.com/@swc%2fhelpers set size:111256 disposed:false
291 http fetch GET 200 https://registry.npmmirror.com/@typescript-eslint%2fparser 1361ms (cache miss)
292 silly packumentCache full:https://registry.npmmirror.com/@typescript-eslint%2fparser set size:2409607 disposed:false
293 http fetch GET 200 https://registry.npmmirror.com/@next%2fswc-win32-arm64-msvc 749ms (cache miss)
294 silly packumentCache full:https://registry.npmmirror.com/@next%2fswc-win32-arm64-msvc set size:1161715 disposed:false
295 http fetch GET 200 https://registry.npmmirror.com/eslint-plugin-react-hooks 1574ms (cache miss)
296 silly packumentCache full:https://registry.npmmirror.com/eslint-plugin-react-hooks set size:1236834 disposed:false
297 http fetch GET 200 https://registry.npmmirror.com/scheduler 820ms (cache miss)
298 silly packumentCache full:https://registry.npmmirror.com/scheduler set size:1168426 disposed:false
299 http fetch GET 200 https://registry.npmmirror.com/@next%2fswc-darwin-x64 1399ms (cache miss)
300 silly packumentCache full:https://registry.npmmirror.com/@next%2fswc-darwin-x64 set size:1182338 disposed:false
301 http fetch GET 200 https://registry.npmmirror.com/@next%2fswc-linux-arm64-gnu 1199ms (cache miss)
302 silly packumentCache full:https://registry.npmmirror.com/@next%2fswc-linux-arm64-gnu set size:1160971 disposed:false
303 http fetch GET 200 https://registry.npmmirror.com/@typescript-eslint%2feslint-plugin 1808ms (cache miss)
304 silly packumentCache full:https://registry.npmmirror.com/@typescript-eslint%2feslint-plugin set size:2480932 disposed:false
305 silly placeDep ROOT undici-types@6.21.0 OK for: @types/node@22.20.1 want: ~6.21.0
306 silly placeDep ROOT csstype@3.2.3 OK for: @types/react@19.2.18 want: ^3.2.2
307 silly placeDep ROOT @eslint-community/eslint-utils@4.10.1 OK for: eslint@9.39.5 want: ^4.8.0
308 silly placeDep ROOT @eslint-community/regexpp@4.12.2 OK for: eslint@9.39.5 want: ^4.12.1
309 silly placeDep ROOT @eslint/config-array@0.21.2 OK for: eslint@9.39.5 want: ^0.21.2
310 silly placeDep ROOT @eslint/config-helpers@0.4.2 OK for: eslint@9.39.5 want: ^0.4.2
311 silly placeDep ROOT @eslint/core@0.17.0 OK for: eslint@9.39.5 want: ^0.17.0
312 silly placeDep ROOT @eslint/eslintrc@3.3.6 OK for: eslint@9.39.5 want: ^3.3.6
313 silly placeDep ROOT @eslint/js@9.39.5 OK for: eslint@9.39.5 want: 9.39.5
314 silly placeDep ROOT @eslint/plugin-kit@0.4.1 OK for: eslint@9.39.5 want: ^0.4.1
315 silly placeDep ROOT @humanfs/node@0.16.8 OK for: eslint@9.39.5 want: ^0.16.6
316 silly placeDep ROOT @humanwhocodes/module-importer@1.0.1 OK for: eslint@9.39.5 want: ^1.0.1
317 silly placeDep ROOT @humanwhocodes/retry@0.4.3 OK for: eslint@9.39.5 want: ^0.4.2
318 silly placeDep ROOT @types/estree@1.0.9 OK for: eslint@9.39.5 want: ^1.0.6
319 silly placeDep ROOT ajv@6.15.0 OK for: eslint@9.39.5 want: ^6.14.0
320 silly placeDep ROOT chalk@4.1.2 OK for: eslint@9.39.5 want: ^4.0.0
321 silly placeDep ROOT cross-spawn@7.0.6 OK for: eslint@9.39.5 want: ^7.0.6
322 silly placeDep ROOT debug@4.4.3 OK for: eslint@9.39.5 want: ^4.3.2
323 silly placeDep ROOT escape-string-regexp@4.0.0 OK for: eslint@9.39.5 want: ^4.0.0
324 silly placeDep ROOT eslint-scope@8.4.0 OK for: eslint@9.39.5 want: ^8.4.0
325 silly placeDep ROOT eslint-visitor-keys@4.2.1 OK for: eslint@9.39.5 want: ^4.2.1
326 silly placeDep ROOT espree@10.4.0 OK for: eslint@9.39.5 want: ^10.4.0
327 silly placeDep ROOT esquery@1.7.0 OK for: eslint@9.39.5 want: ^1.5.0
328 silly placeDep ROOT esutils@2.0.3 OK for: eslint@9.39.5 want: ^2.0.2
329 silly placeDep ROOT fast-deep-equal@3.1.3 OK for: eslint@9.39.5 want: ^3.1.3
330 silly placeDep ROOT file-entry-cache@8.0.0 OK for: eslint@9.39.5 want: ^8.0.0
331 silly placeDep ROOT find-up@5.0.0 OK for: eslint@9.39.5 want: ^5.0.0
332 silly placeDep ROOT glob-parent@6.0.2 OK for: eslint@9.39.5 want: ^6.0.2
333 silly placeDep ROOT ignore@5.3.2 OK for: eslint@9.39.5 want: ^5.2.0
334 silly placeDep ROOT imurmurhash@0.1.4 OK for: eslint@9.39.5 want: ^0.1.4
335 silly placeDep ROOT is-glob@4.0.3 OK for: eslint@9.39.5 want: ^4.0.0
336 silly placeDep ROOT json-stable-stringify-without-jsonify@1.0.1 OK for: eslint@9.39.5 want: ^1.0.1
337 silly placeDep ROOT lodash.merge@4.6.2 OK for: eslint@9.39.5 want: ^4.6.2
338 silly placeDep ROOT minimatch@3.1.5 OK for: eslint@9.39.5 want: ^3.1.5
339 silly placeDep ROOT natural-compare@1.4.0 OK for: eslint@9.39.5 want: ^1.4.0
340 silly placeDep ROOT optionator@0.9.4 OK for: eslint@9.39.5 want: ^0.9.3
341 silly fetch manifest eslint-visitor-keys@^3.4.3
342 silly packumentCache full:https://registry.npmmirror.com/eslint-visitor-keys cache-hit
343 silly fetch manifest @eslint/object-schema@^2.1.7
344 silly packumentCache full:https://registry.npmmirror.com/@eslint%2fobject-schema cache-miss
345 silly fetch manifest debug@^4.3.1
346 silly packumentCache full:https://registry.npmmirror.com/debug cache-hit
347 silly fetch manifest @types/json-schema@^7.0.15
348 silly packumentCache full:https://registry.npmmirror.com/@types%2fjson-schema cache-miss
349 silly fetch manifest espree@^10.0.1
350 silly packumentCache full:https://registry.npmmirror.com/espree cache-hit
351 silly fetch manifest globals@^14.0.0
352 silly packumentCache full:https://registry.npmmirror.com/globals cache-miss
353 silly fetch manifest import-fresh@^3.2.1
354 silly packumentCache full:https://registry.npmmirror.com/import-fresh cache-miss
355 silly fetch manifest js-yaml@^4.3.0
356 silly packumentCache full:https://registry.npmmirror.com/js-yaml cache-miss
357 silly fetch manifest strip-json-comments@^3.1.1
358 silly packumentCache full:https://registry.npmmirror.com/strip-json-comments cache-miss
359 silly fetch manifest levn@^0.4.1
360 silly packumentCache full:https://registry.npmmirror.com/levn cache-miss
361 silly fetch manifest @humanwhocodes/retry@^0.4.0
362 silly packumentCache full:https://registry.npmmirror.com/@humanwhocodes%2fretry cache-hit
363 silly fetch manifest @humanfs/core@^0.19.2
364 silly packumentCache full:https://registry.npmmirror.com/@humanfs%2fcore cache-miss
365 silly fetch manifest @humanfs/types@^0.15.0
366 silly packumentCache full:https://registry.npmmirror.com/@humanfs%2ftypes cache-miss
367 silly fetch manifest fast-deep-equal@^3.1.1
368 silly packumentCache full:https://registry.npmmirror.com/fast-deep-equal cache-hit
369 silly fetch manifest fast-json-stable-stringify@^2.0.0
370 silly packumentCache full:https://registry.npmmirror.com/fast-json-stable-stringify cache-miss
371 silly fetch manifest json-schema-traverse@^0.4.1
372 silly packumentCache full:https://registry.npmmirror.com/json-schema-traverse cache-miss
373 silly fetch manifest uri-js@^4.2.2
374 silly packumentCache full:https://registry.npmmirror.com/uri-js cache-miss
375 silly fetch manifest ansi-styles@^4.1.0
376 silly packumentCache full:https://registry.npmmirror.com/ansi-styles cache-miss
377 silly fetch manifest supports-color@^7.1.0
378 silly packumentCache full:https://registry.npmmirror.com/supports-color cache-miss
379 silly fetch manifest path-key@^3.1.0
380 silly packumentCache full:https://registry.npmmirror.com/path-key cache-miss
381 http fetch GET 200 https://registry.npmmirror.com/fast-json-stable-stringify 311ms (cache miss)
382 silly packumentCache full:https://registry.npmmirror.com/fast-json-stable-stringify set size:3326 disposed:false
383 silly fetch manifest shebang-command@^2.0.0
384 silly packumentCache full:https://registry.npmmirror.com/shebang-command cache-miss
385 http fetch GET 200 https://registry.npmmirror.com/levn 316ms (cache miss)
386 silly packumentCache full:https://registry.npmmirror.com/levn set size:7200 disposed:false
387 silly fetch manifest which@^2.0.1
388 silly packumentCache full:https://registry.npmmirror.com/which cache-miss
389 http fetch GET 200 https://registry.npmmirror.com/supports-color 324ms (cache miss)
390 silly packumentCache full:https://registry.npmmirror.com/supports-color set size:23937 disposed:false
391 silly fetch manifest ms@^2.1.3
392 silly packumentCache full:https://registry.npmmirror.com/ms cache-miss
393 http fetch GET 200 https://registry.npmmirror.com/import-fresh 339ms (cache miss)
394 silly packumentCache full:https://registry.npmmirror.com/import-fresh set size:4923 disposed:false
395 silly fetch manifest esrecurse@^4.3.0
396 silly packumentCache full:https://registry.npmmirror.com/esrecurse cache-miss
397 http fetch GET 200 https://registry.npmmirror.com/@types%2fjson-schema 347ms (cache miss)
398 silly packumentCache full:https://registry.npmmirror.com/@types%2fjson-schema set size:8356 disposed:false
399 silly fetch manifest estraverse@^5.2.0
400 silly packumentCache full:https://registry.npmmirror.com/estraverse cache-miss
401 http fetch GET 200 https://registry.npmmirror.com/globals 353ms (cache miss)
402 silly packumentCache full:https://registry.npmmirror.com/globals set size:52849 disposed:false
403 silly fetch manifest acorn@^8.15.0
404 silly packumentCache full:https://registry.npmmirror.com/acorn cache-miss
405 http fetch GET 200 https://registry.npmmirror.com/@humanfs%2ftypes 361ms (cache miss)
406 silly packumentCache full:https://registry.npmmirror.com/@humanfs%2ftypes set size:4673 disposed:false
407 silly fetch manifest acorn-jsx@^5.3.2
408 silly packumentCache full:https://registry.npmmirror.com/acorn-jsx cache-miss
409 http fetch GET 200 https://registry.npmmirror.com/js-yaml 367ms (cache miss)
410 silly packumentCache full:https://registry.npmmirror.com/js-yaml set size:28523 disposed:false
411 silly fetch manifest estraverse@^5.1.0
412 silly packumentCache full:https://registry.npmmirror.com/estraverse cache-miss
413 http fetch GET 200 https://registry.npmmirror.com/@humanfs%2fcore 370ms (cache miss)
414 silly packumentCache full:https://registry.npmmirror.com/@humanfs%2fcore set size:9108 disposed:false
415 silly fetch manifest flat-cache@^4.0.0
416 silly packumentCache full:https://registry.npmmirror.com/flat-cache cache-miss
417 http fetch GET 200 https://registry.npmmirror.com/@eslint%2fobject-schema 433ms (cache miss)
418 silly packumentCache full:https://registry.npmmirror.com/@eslint%2fobject-schema set size:9158 disposed:false
419 silly fetch manifest locate-path@^6.0.0
420 silly packumentCache full:https://registry.npmmirror.com/locate-path cache-miss
421 http fetch GET 200 https://registry.npmmirror.com/uri-js 449ms (cache miss)
422 silly packumentCache full:https://registry.npmmirror.com/uri-js set size:8117 disposed:false
423 silly fetch manifest path-exists@^4.0.0
424 silly packumentCache full:https://registry.npmmirror.com/path-exists cache-miss
425 http fetch GET 200 https://registry.npmmirror.com/ms 156ms (cache miss)
426 silly packumentCache full:https://registry.npmmirror.com/ms set size:15985 disposed:false
427 silly fetch manifest is-glob@^4.0.3
428 silly packumentCache full:https://registry.npmmirror.com/is-glob cache-hit
429 silly fetch manifest is-extglob@^2.1.1
430 silly packumentCache full:https://registry.npmmirror.com/is-extglob cache-miss
431 http fetch GET 200 https://registry.npmmirror.com/strip-json-comments 494ms (cache miss)
432 silly packumentCache full:https://registry.npmmirror.com/strip-json-comments set size:8266 disposed:false
433 silly fetch manifest brace-expansion@^1.1.7
434 silly packumentCache full:https://registry.npmmirror.com/brace-expansion cache-miss
435 http fetch GET 200 https://registry.npmmirror.com/estraverse 297ms (cache miss)
436 silly packumentCache full:https://registry.npmmirror.com/estraverse set size:10988 disposed:false
437 silly fetch manifest prelude-ls@^1.2.1
438 silly packumentCache full:https://registry.npmmirror.com/prelude-ls cache-miss
439 http fetch GET 200 https://registry.npmmirror.com/which 353ms (cache miss)
440 silly packumentCache full:https://registry.npmmirror.com/which set size:14745 disposed:false
441 silly fetch manifest deep-is@^0.1.3
442 silly packumentCache full:https://registry.npmmirror.com/deep-is cache-miss
443 http fetch GET 200 https://registry.npmmirror.com/shebang-command 362ms (cache miss)
444 silly packumentCache full:https://registry.npmmirror.com/shebang-command set size:2106 disposed:false
445 silly fetch manifest word-wrap@^1.2.5
446 silly packumentCache full:https://registry.npmmirror.com/word-wrap cache-miss
447 http fetch GET 200 https://registry.npmmirror.com/esrecurse 339ms (cache miss)
448 silly packumentCache full:https://registry.npmmirror.com/esrecurse set size:6561 disposed:false
449 silly fetch manifest type-check@^0.4.0
450 silly packumentCache full:https://registry.npmmirror.com/type-check cache-miss
451 http fetch GET 200 https://registry.npmmirror.com/acorn 363ms (cache miss)
452 silly packumentCache full:https://registry.npmmirror.com/acorn set size:53496 disposed:false
453 silly fetch manifest fast-levenshtein@^2.0.6
454 silly packumentCache full:https://registry.npmmirror.com/fast-levenshtein cache-miss
455 http fetch GET 200 https://registry.npmmirror.com/flat-cache 384ms (cache miss)
456 silly packumentCache full:https://registry.npmmirror.com/flat-cache set size:27920 disposed:false
457 http fetch GET 200 https://registry.npmmirror.com/locate-path 333ms (cache miss)
458 silly packumentCache full:https://registry.npmmirror.com/locate-path set size:7506 disposed:false
459 http fetch GET 200 https://registry.npmmirror.com/acorn-jsx 420ms (cache miss)
460 silly packumentCache full:https://registry.npmmirror.com/acorn-jsx set size:11737 disposed:false
461 http fetch GET 200 https://registry.npmmirror.com/path-exists 349ms (cache miss)
462 silly packumentCache full:https://registry.npmmirror.com/path-exists set size:3293 disposed:false
463 http fetch GET 200 https://registry.npmmirror.com/brace-expansion 308ms (cache miss)
464 silly packumentCache full:https://registry.npmmirror.com/brace-expansion set size:20500 disposed:false
465 http fetch GET 200 https://registry.npmmirror.com/is-extglob 376ms (cache miss)
466 silly packumentCache full:https://registry.npmmirror.com/is-extglob set size:3363 disposed:false
467 http fetch GET 200 https://registry.npmmirror.com/estraverse 599ms (cache miss)
468 silly packumentCache full:https://registry.npmmirror.com/estraverse set size:10988 disposed:false
469 silly packumentCache full:https://registry.npmmirror.com/estraverse dispose
470 http fetch GET 200 https://registry.npmmirror.com/type-check 320ms (cache miss)
471 silly packumentCache full:https://registry.npmmirror.com/type-check set size:6166 disposed:false
472 http fetch GET 200 https://registry.npmmirror.com/deep-is 351ms (cache miss)
473 silly packumentCache full:https://registry.npmmirror.com/deep-is set size:2733 disposed:false
474 http fetch GET 200 https://registry.npmmirror.com/prelude-ls 356ms (cache miss)
475 silly packumentCache full:https://registry.npmmirror.com/prelude-ls set size:4654 disposed:false
476 http fetch GET 200 https://registry.npmmirror.com/fast-levenshtein 309ms (cache miss)
477 silly packumentCache full:https://registry.npmmirror.com/fast-levenshtein set size:6868 disposed:false
478 http fetch GET 200 https://registry.npmmirror.com/ansi-styles 1050ms (cache miss)
479 silly packumentCache full:https://registry.npmmirror.com/ansi-styles set size:14621 disposed:false
480 http fetch GET 200 https://registry.npmmirror.com/json-schema-traverse 1065ms (cache miss)
481 silly packumentCache full:https://registry.npmmirror.com/json-schema-traverse set size:4662 disposed:false
482 http fetch GET 200 https://registry.npmmirror.com/path-key 1140ms (cache miss)
483 silly packumentCache full:https://registry.npmmirror.com/path-key set size:3439 disposed:false
484 http fetch GET 200 https://registry.npmmirror.com/word-wrap 1107ms (cache miss)
485 silly packumentCache full:https://registry.npmmirror.com/word-wrap set size:8190 disposed:false
486 silly placeDep node_modules/@eslint-community/eslint-utils eslint-visitor-keys@3.4.3 OK for: @eslint-community/eslint-utils@4.10.1 want: ^3.4.3
487 silly placeDep ROOT @eslint/object-schema@2.1.7 OK for: @eslint/config-array@0.21.2 want: ^2.1.7
488 silly placeDep ROOT @types/json-schema@7.0.15 OK for: @eslint/core@0.17.0 want: ^7.0.15
489 silly placeDep ROOT globals@14.0.0 OK for: @eslint/eslintrc@3.3.6 want: ^14.0.0
490 silly placeDep ROOT import-fresh@3.3.1 OK for: @eslint/eslintrc@3.3.6 want: ^3.2.1
491 silly placeDep ROOT js-yaml@4.3.1 OK for: @eslint/eslintrc@3.3.6 want: ^4.3.0
492 silly placeDep ROOT strip-json-comments@3.1.1 OK for: @eslint/eslintrc@3.3.6 want: ^3.1.1
493 silly fetch manifest parent-module@^1.0.0
494 silly packumentCache full:https://registry.npmmirror.com/parent-module cache-miss
495 silly fetch manifest resolve-from@^4.0.0
496 silly packumentCache full:https://registry.npmmirror.com/resolve-from cache-miss
497 silly fetch manifest argparse@^2.0.1
498 silly packumentCache full:https://registry.npmmirror.com/argparse cache-miss
499 http fetch GET 200 https://registry.npmmirror.com/argparse 51ms (cache miss)
500 silly packumentCache full:https://registry.npmmirror.com/argparse set size:10273 disposed:false
501 http fetch GET 200 https://registry.npmmirror.com/resolve-from 294ms (cache miss)
502 silly packumentCache full:https://registry.npmmirror.com/resolve-from set size:3131 disposed:false
503 http fetch GET 200 https://registry.npmmirror.com/parent-module 341ms (cache miss)
504 silly packumentCache full:https://registry.npmmirror.com/parent-module set size:3916 disposed:false
505 silly placeDep ROOT levn@0.4.1 OK for: @eslint/plugin-kit@0.4.1 want: ^0.4.1
506 silly fetch manifest type-check@~0.4.0
507 silly packumentCache full:https://registry.npmmirror.com/type-check cache-hit
508 silly placeDep ROOT @humanfs/core@0.19.2 OK for: @humanfs/node@0.16.8 want: ^0.19.2
509 silly placeDep ROOT @humanfs/types@0.15.0 OK for: @humanfs/node@0.16.8 want: ^0.15.0
510 silly placeDep ROOT fast-json-stable-stringify@2.1.0 OK for: ajv@6.15.0 want: ^2.0.0
511 silly placeDep ROOT json-schema-traverse@0.4.1 OK for: ajv@6.15.0 want: ^0.4.1
512 silly placeDep ROOT uri-js@4.4.1 OK for: ajv@6.15.0 want: ^4.2.2
513 silly fetch manifest punycode@^2.1.0
514 silly packumentCache full:https://registry.npmmirror.com/punycode cache-miss
515 http fetch GET 200 https://registry.npmmirror.com/punycode 334ms (cache miss)
516 silly packumentCache full:https://registry.npmmirror.com/punycode set size:14294 disposed:false
517 silly placeDep ROOT ansi-styles@4.3.0 OK for: chalk@4.1.2 want: ^4.1.0
518 silly placeDep ROOT supports-color@7.2.0 OK for: chalk@4.1.2 want: ^7.1.0
519 silly fetch manifest color-convert@^2.0.1
520 silly packumentCache full:https://registry.npmmirror.com/color-convert cache-miss
521 silly fetch manifest has-flag@^4.0.0
522 silly packumentCache full:https://registry.npmmirror.com/has-flag cache-miss
523 http fetch GET 200 https://registry.npmmirror.com/color-convert 329ms (cache miss)
524 silly packumentCache full:https://registry.npmmirror.com/color-convert set size:13807 disposed:false
525 http fetch GET 200 https://registry.npmmirror.com/has-flag 332ms (cache miss)
526 silly packumentCache full:https://registry.npmmirror.com/has-flag set size:3321 disposed:false
527 silly placeDep ROOT color-convert@2.0.1 OK for: ansi-styles@4.3.0 want: ^2.0.1
528 silly fetch manifest color-name@~1.1.4
529 silly packumentCache full:https://registry.npmmirror.com/color-name cache-miss
530 http fetch GET 200 https://registry.npmmirror.com/color-name 313ms (cache miss)
531 silly packumentCache full:https://registry.npmmirror.com/color-name set size:5598 disposed:false
532 silly placeDep ROOT color-name@1.1.4 OK for: color-convert@2.0.1 want: ~1.1.4
533 silly placeDep ROOT path-key@3.1.1 OK for: cross-spawn@7.0.6 want: ^3.1.0
534 silly placeDep ROOT shebang-command@2.0.0 OK for: cross-spawn@7.0.6 want: ^2.0.0
535 silly placeDep ROOT which@2.0.2 OK for: cross-spawn@7.0.6 want: ^2.0.1
536 silly fetch manifest shebang-regex@^3.0.0
537 silly packumentCache full:https://registry.npmmirror.com/shebang-regex cache-miss
538 silly fetch manifest isexe@^2.0.0
539 silly packumentCache full:https://registry.npmmirror.com/isexe cache-miss
540 http fetch GET 200 https://registry.npmmirror.com/isexe 365ms (cache miss)
541 silly packumentCache full:https://registry.npmmirror.com/isexe set size:7230 disposed:false
542 http fetch GET 200 https://registry.npmmirror.com/shebang-regex 367ms (cache miss)
543 silly packumentCache full:https://registry.npmmirror.com/shebang-regex set size:2417 disposed:false
544 silly placeDep ROOT ms@2.1.3 OK for: debug@4.4.3 want: ^2.1.3
545 silly placeDep ROOT @next/eslint-plugin-next@15.5.23 OK for: eslint-config-next@15.5.23 want: 15.5.23
546 silly placeDep ROOT @rushstack/eslint-patch@1.16.1 OK for: eslint-config-next@15.5.23 want: ^1.10.3
547 silly placeDep ROOT @typescript-eslint/eslint-plugin@8.67.0 OK for: eslint-config-next@15.5.23 want: ^5.4.2 || ^6.0.0 || ^7.0.0 || ^8.0.0
548 silly placeDep ROOT @typescript-eslint/parser@8.67.0 OK for: eslint-config-next@15.5.23 want: ^5.4.2 || ^6.0.0 || ^7.0.0 || ^8.0.0
549 silly placeDep ROOT eslint-import-resolver-node@0.3.10 OK for: eslint-config-next@15.5.23 want: ^0.3.6
550 silly placeDep ROOT eslint-import-resolver-typescript@3.10.1 OK for: eslint-config-next@15.5.23 want: ^3.5.2
551 silly placeDep ROOT eslint-plugin-import@2.32.0 OK for: eslint-config-next@15.5.23 want: ^2.31.0
552 silly placeDep ROOT eslint-plugin-jsx-a11y@6.10.2 OK for: eslint-config-next@15.5.23 want: ^6.10.0
553 silly placeDep ROOT eslint-plugin-react@7.37.5 OK for: eslint-config-next@15.5.23 want: ^7.37.0
554 silly placeDep ROOT eslint-plugin-react-hooks@5.2.0 OK for: eslint-config-next@15.5.23 want: ^5.0.0
555 silly fetch manifest fast-glob@3.3.1
556 silly packumentCache full:https://registry.npmmirror.com/fast-glob cache-miss
557 silly fetch manifest ignore@^7.0.5
558 silly packumentCache full:https://registry.npmmirror.com/ignore cache-hit
559 silly fetch manifest ts-api-utils@^2.5.0
560 silly packumentCache full:https://registry.npmmirror.com/ts-api-utils cache-miss
561 silly fetch manifest @typescript-eslint/utils@8.67.0
562 silly packumentCache full:https://registry.npmmirror.com/@typescript-eslint%2futils cache-miss
563 silly fetch manifest @typescript-eslint/type-utils@8.67.0
564 silly packumentCache full:https://registry.npmmirror.com/@typescript-eslint%2ftype-utils cache-miss
565 silly fetch manifest @typescript-eslint/visitor-keys@8.67.0
566 silly packumentCache full:https://registry.npmmirror.com/@typescript-eslint%2fvisitor-keys cache-miss
567 silly fetch manifest @typescript-eslint/scope-manager@8.67.0
568 silly packumentCache full:https://registry.npmmirror.com/@typescript-eslint%2fscope-manager cache-miss
569 silly fetch manifest @typescript-eslint/types@8.67.0
570 silly packumentCache full:https://registry.npmmirror.com/@typescript-eslint%2ftypes cache-miss
571 silly fetch manifest @typescript-eslint/visitor-keys@8.67.0
572 silly packumentCache full:https://registry.npmmirror.com/@typescript-eslint%2fvisitor-keys cache-miss
573 silly fetch manifest @typescript-eslint/scope-manager@8.67.0
574 silly packumentCache full:https://registry.npmmirror.com/@typescript-eslint%2fscope-manager cache-miss
575 silly fetch manifest @typescript-eslint/typescript-estree@8.67.0
576 silly packumentCache full:https://registry.npmmirror.com/@typescript-eslint%2ftypescript-estree cache-miss
577 silly fetch manifest debug@^3.2.7
578 silly packumentCache full:https://registry.npmmirror.com/debug cache-hit
579 silly fetch manifest is-core-module@^2.16.1
580 silly packumentCache full:https://registry.npmmirror.com/is-core-module cache-miss
581 silly fetch manifest resolve@^2.0.0-next.6
582 silly packumentCache full:https://registry.npmmirror.com/resolve cache-miss
583 silly fetch manifest @nolyfill/is-core-module@1.0.39
584 silly packumentCache full:https://registry.npmmirror.com/@nolyfill%2fis-core-module cache-miss
585 silly fetch manifest get-tsconfig@^4.10.0
586 silly packumentCache full:https://registry.npmmirror.com/get-tsconfig cache-miss
587 silly fetch manifest is-bun-module@^2.0.0
588 silly packumentCache full:https://registry.npmmirror.com/is-bun-module cache-miss
589 http fetch GET 200 https://registry.npmmirror.com/is-core-module 313ms (cache miss)
590 silly packumentCache full:https://registry.npmmirror.com/is-core-module set size:14454 disposed:false
591 silly fetch manifest stable-hash@^0.0.5
592 silly packumentCache full:https://registry.npmmirror.com/stable-hash cache-miss
593 http fetch GET 200 https://registry.npmmirror.com/get-tsconfig 330ms (cache miss)
594 silly packumentCache full:https://registry.npmmirror.com/get-tsconfig set size:37730 disposed:false
595 silly fetch manifest tinyglobby@^0.2.13
596 silly packumentCache full:https://registry.npmmirror.com/tinyglobby cache-miss
597 http fetch GET 200 https://registry.npmmirror.com/@nolyfill%2fis-core-module 377ms (cache miss)
598 silly packumentCache full:https://registry.npmmirror.com/@nolyfill%2fis-core-module set size:2866 disposed:false
599 silly fetch manifest unrs-resolver@^1.6.2
600 silly packumentCache full:https://registry.npmmirror.com/unrs-resolver cache-miss
601 http fetch GET 200 https://registry.npmmirror.com/is-bun-module 383ms (cache miss)
602 silly packumentCache full:https://registry.npmmirror.com/is-bun-module set size:5059 disposed:false
603 silly fetch manifest @rtsao/scc@^1.1.0
604 silly packumentCache full:https://registry.npmmirror.com/@rtsao%2fscc cache-miss
605 http fetch GET 200 https://registry.npmmirror.com/resolve 452ms (cache miss)
606 silly packumentCache full:https://registry.npmmirror.com/resolve set size:40615 disposed:false
607 silly fetch manifest array-includes@^3.1.9
608 silly packumentCache full:https://registry.npmmirror.com/array-includes cache-miss
609 http fetch GET 200 https://registry.npmmirror.com/ts-api-utils 463ms (cache miss)
610 silly packumentCache full:https://registry.npmmirror.com/ts-api-utils set size:45410 disposed:false
611 silly fetch manifest array.prototype.findlastindex@^1.2.6
612 silly packumentCache full:https://registry.npmmirror.com/array.prototype.findlastindex cache-miss
613 http fetch GET 200 https://registry.npmmirror.com/fast-glob 493ms (cache miss)
614 silly packumentCache full:https://registry.npmmirror.com/fast-glob set size:33565 disposed:false
615 silly fetch manifest array.prototype.flat@^1.3.3
616 silly packumentCache full:https://registry.npmmirror.com/array.prototype.flat cache-miss
617 http fetch GET 200 https://registry.npmmirror.com/stable-hash 320ms (cache miss)
618 silly packumentCache full:https://registry.npmmirror.com/stable-hash set size:5483 disposed:false
619 silly fetch manifest array.prototype.flatmap@^1.3.3
620 silly packumentCache full:https://registry.npmmirror.com/array.prototype.flatmap cache-miss
621 http fetch GET 200 https://registry.npmmirror.com/tinyglobby 333ms (cache miss)
622 silly packumentCache full:https://registry.npmmirror.com/tinyglobby set size:11023 disposed:false
623 silly fetch manifest doctrine@^2.1.0
624 silly packumentCache full:https://registry.npmmirror.com/doctrine cache-miss
625 http fetch GET 200 https://registry.npmmirror.com/unrs-resolver 330ms (cache miss)
626 silly packumentCache full:https://registry.npmmirror.com/unrs-resolver set size:26805 disposed:false
627 silly fetch manifest eslint-module-utils@^2.12.1
628 silly packumentCache full:https://registry.npmmirror.com/eslint-module-utils cache-miss
629 http fetch GET 200 https://registry.npmmirror.com/@rtsao%2fscc 346ms (cache miss)
630 silly packumentCache full:https://registry.npmmirror.com/@rtsao%2fscc set size:3174 disposed:false
631 silly fetch manifest hasown@^2.0.2
632 silly packumentCache full:https://registry.npmmirror.com/hasown cache-miss
633 http fetch GET 200 https://registry.npmmirror.com/array.prototype.flat 370ms (cache miss)
634 silly packumentCache full:https://registry.npmmirror.com/array.prototype.flat set size:7806 disposed:false
635 silly fetch manifest object.fromentries@^2.0.8
636 silly packumentCache full:https://registry.npmmirror.com/object.fromentries cache-miss
637 http fetch GET 200 https://registry.npmmirror.com/array.prototype.findlastindex 403ms (cache miss)
638 silly packumentCache full:https://registry.npmmirror.com/array.prototype.findlastindex set size:10569 disposed:false
639 silly fetch manifest object.groupby@^1.0.3
640 silly packumentCache full:https://registry.npmmirror.com/object.groupby cache-miss
641 http fetch GET 200 https://registry.npmmirror.com/@typescript-eslint%2ftype-utils 914ms (cache miss)
642 silly packumentCache full:https://registry.npmmirror.com/@typescript-eslint%2ftype-utils set size:1841324 disposed:false
643 silly fetch manifest object.values@^1.2.1
644 silly packumentCache full:https://registry.npmmirror.com/object.values cache-miss
645 http fetch GET 200 https://registry.npmmirror.com/array.prototype.flatmap 357ms (cache miss)
646 silly packumentCache full:https://registry.npmmirror.com/array.prototype.flatmap set size:9677 disposed:false
647 silly fetch manifest semver@^6.3.1
648 silly packumentCache full:https://registry.npmmirror.com/semver cache-miss
649 http fetch GET 200 https://registry.npmmirror.com/doctrine 334ms (cache miss)
650 silly packumentCache full:https://registry.npmmirror.com/doctrine set size:12778 disposed:false
651 silly fetch manifest string.prototype.trimend@^1.0.9
652 silly packumentCache full:https://registry.npmmirror.com/string.prototype.trimend cache-miss
653 http fetch GET 200 https://registry.npmmirror.com/@typescript-eslint%2futils 1034ms (cache miss)
654 silly packumentCache full:https://registry.npmmirror.com/@typescript-eslint%2futils set size:1902341 disposed:false
655 silly fetch manifest tsconfig-paths@^3.15.0
656 silly packumentCache full:https://registry.npmmirror.com/tsconfig-paths cache-miss
657 http fetch GET 200 https://registry.npmmirror.com/@typescript-eslint%2fvisitor-keys 1103ms (cache miss)
658 silly packumentCache full:https://registry.npmmirror.com/@typescript-eslint%2fvisitor-keys set size:2110160 disposed:false
659 silly fetch manifest aria-query@^5.3.2
660 silly packumentCache full:https://registry.npmmirror.com/aria-query cache-miss
661 http fetch GET 200 https://registry.npmmirror.com/@typescript-eslint%2fvisitor-keys 1269ms (cache miss)
662 silly packumentCache full:https://registry.npmmirror.com/@typescript-eslint%2fvisitor-keys set size:2110160 disposed:false
663 silly fetch manifest array-includes@^3.1.8
664 silly packumentCache full:https://registry.npmmirror.com/array-includes cache-miss
665 http fetch GET 200 https://registry.npmmirror.com/object.groupby 516ms (cache miss)
666 silly packumentCache full:https://registry.npmmirror.com/object.groupby set size:4099 disposed:false
667 silly fetch manifest array.prototype.flatmap@^1.3.2
668 silly packumentCache full:https://registry.npmmirror.com/array.prototype.flatmap cache-hit
669 silly fetch manifest ast-types-flow@^0.0.8
670 silly packumentCache full:https://registry.npmmirror.com/ast-types-flow cache-miss
671 http fetch GET 200 https://registry.npmmirror.com/object.fromentries 529ms (cache miss)
672 silly packumentCache full:https://registry.npmmirror.com/object.fromentries set size:7239 disposed:false
673 silly fetch manifest axe-core@^4.10.0
674 silly packumentCache full:https://registry.npmmirror.com/axe-core cache-miss
675 http fetch GET 200 https://registry.npmmirror.com/object.values 455ms (cache miss)
676 silly packumentCache full:https://registry.npmmirror.com/object.values set size:9222 disposed:false
677 silly fetch manifest axobject-query@^4.1.0
678 silly packumentCache full:https://registry.npmmirror.com/axobject-query cache-miss
679 http fetch GET 200 https://registry.npmmirror.com/semver 418ms (cache miss)
680 silly packumentCache full:https://registry.npmmirror.com/semver set size:47492 disposed:false
681 silly fetch manifest damerau-levenshtein@^1.0.8
682 silly packumentCache full:https://registry.npmmirror.com/damerau-levenshtein cache-miss
683 http fetch GET 200 https://registry.npmmirror.com/string.prototype.trimend 418ms (cache miss)
684 silly packumentCache full:https://registry.npmmirror.com/string.prototype.trimend set size:8753 disposed:false
685 silly fetch manifest emoji-regex@^9.2.2
686 silly packumentCache full:https://registry.npmmirror.com/emoji-regex cache-miss
687 http fetch GET 200 https://registry.npmmirror.com/eslint-module-utils 721ms (cache miss)
688 silly packumentCache full:https://registry.npmmirror.com/eslint-module-utils set size:15528 disposed:false
689 silly fetch manifest hasown@^2.0.2
690 silly packumentCache full:https://registry.npmmirror.com/hasown cache-miss
691 http fetch GET 200 https://registry.npmmirror.com/@typescript-eslint%2fscope-manager 1448ms (cache miss)
692 silly packumentCache full:https://registry.npmmirror.com/@typescript-eslint%2fscope-manager set size:2189051 disposed:false
693 silly fetch manifest jsx-ast-utils@^3.3.5
694 silly packumentCache full:https://registry.npmmirror.com/jsx-ast-utils cache-miss
695 http fetch GET 200 https://registry.npmmirror.com/@typescript-eslint%2fscope-manager 1548ms (cache miss)
696 silly packumentCache full:https://registry.npmmirror.com/@typescript-eslint%2fscope-manager set size:2189051 disposed:false
697 silly fetch manifest language-tags@^1.0.9
698 silly packumentCache full:https://registry.npmmirror.com/language-tags cache-miss
699 http fetch GET 200 https://registry.npmmirror.com/tsconfig-paths 544ms (cache miss)
700 silly packumentCache full:https://registry.npmmirror.com/tsconfig-paths set size:31311 disposed:false
701 silly fetch manifest safe-regex-test@^1.0.3
702 silly packumentCache full:https://registry.npmmirror.com/safe-regex-test cache-miss
703 http fetch GET 200 https://registry.npmmirror.com/aria-query 463ms (cache miss)
704 silly packumentCache full:https://registry.npmmirror.com/aria-query set size:18373 disposed:false
705 silly fetch manifest string.prototype.includes@^2.0.1
706 silly packumentCache full:https://registry.npmmirror.com/string.prototype.includes cache-miss
707 http fetch GET 200 https://registry.npmmirror.com/array-includes 316ms (cache miss)
708 silly packumentCache full:https://registry.npmmirror.com/array-includes set size:13934 disposed:false
709 silly fetch manifest array.prototype.findlast@^1.2.5
710 silly packumentCache full:https://registry.npmmirror.com/array.prototype.findlast cache-miss
711 http fetch GET 200 https://registry.npmmirror.com/array-includes 1269ms (cache miss)
712 silly packumentCache full:https://registry.npmmirror.com/array-includes set size:13934 disposed:false
713 silly packumentCache full:https://registry.npmmirror.com/array-includes dispose
714 silly fetch manifest array.prototype.tosorted@^1.1.4
715 silly packumentCache full:https://registry.npmmirror.com/array.prototype.tosorted cache-miss
716 http fetch GET 200 https://registry.npmmirror.com/ast-types-flow 347ms (cache miss)
717 silly packumentCache full:https://registry.npmmirror.com/ast-types-flow set size:4515 disposed:false
718 silly fetch manifest es-iterator-helpers@^1.2.1
719 silly packumentCache full:https://registry.npmmirror.com/es-iterator-helpers cache-miss
720 http fetch GET 200 https://registry.npmmirror.com/axobject-query 354ms (cache miss)
721 silly packumentCache full:https://registry.npmmirror.com/axobject-query set size:14167 disposed:false
722 silly fetch manifest estraverse@^5.3.0
723 silly packumentCache full:https://registry.npmmirror.com/estraverse cache-hit
724 silly fetch manifest hasown@^2.0.2
725 silly packumentCache full:https://registry.npmmirror.com/hasown cache-miss
726 http fetch GET 200 https://registry.npmmirror.com/damerau-levenshtein 370ms (cache miss)
727 silly packumentCache full:https://registry.npmmirror.com/damerau-levenshtein set size:5109 disposed:false
728 silly fetch manifest jsx-ast-utils@^2.4.1 || ^3.0.0
729 silly packumentCache full:https://registry.npmmirror.com/jsx-ast-utils cache-miss
730 http fetch GET 200 https://registry.npmmirror.com/hasown 1095ms (cache miss)
731 silly packumentCache full:https://registry.npmmirror.com/hasown set size:4802 disposed:false
732 silly fetch manifest object.entries@^1.1.9
733 silly packumentCache full:https://registry.npmmirror.com/object.entries cache-miss
734 http fetch GET 200 https://registry.npmmirror.com/hasown 430ms (cache miss)
735 silly packumentCache full:https://registry.npmmirror.com/hasown set size:4802 disposed:false
736 silly packumentCache full:https://registry.npmmirror.com/hasown dispose
737 silly fetch manifest prop-types@^15.8.1
738 silly packumentCache full:https://registry.npmmirror.com/prop-types cache-miss
739 http fetch GET 200 https://registry.npmmirror.com/@typescript-eslint%2ftypescript-estree 1887ms (cache miss)
740 silly packumentCache full:https://registry.npmmirror.com/@typescript-eslint%2ftypescript-estree set size:2444236 disposed:false
741 silly fetch manifest resolve@^2.0.0-next.5
742 silly packumentCache full:https://registry.npmmirror.com/resolve cache-hit
743 silly fetch manifest string.prototype.matchall@^4.0.12
744 silly packumentCache full:https://registry.npmmirror.com/string.prototype.matchall cache-miss
745 http fetch GET 200 https://registry.npmmirror.com/hasown 237ms (cache miss)
746 silly packumentCache full:https://registry.npmmirror.com/hasown set size:4802 disposed:true
747 silly packumentCache full:https://registry.npmmirror.com/hasown dispose
748 silly fetch manifest string.prototype.repeat@^1.0.0
749 silly packumentCache full:https://registry.npmmirror.com/string.prototype.repeat cache-miss
750 http fetch GET 200 https://registry.npmmirror.com/jsx-ast-utils 217ms (cache miss)
751 silly packumentCache full:https://registry.npmmirror.com/jsx-ast-utils set size:21148 disposed:false
752 http fetch GET 200 https://registry.npmmirror.com/array.prototype.findlast 336ms (cache miss)
753 silly packumentCache full:https://registry.npmmirror.com/array.prototype.findlast set size:9729 disposed:false
754 http fetch GET 200 https://registry.npmmirror.com/safe-regex-test 375ms (cache miss)
755 silly packumentCache full:https://registry.npmmirror.com/safe-regex-test set size:4899 disposed:false
756 http fetch GET 200 https://registry.npmmirror.com/language-tags 398ms (cache miss)
757 silly packumentCache full:https://registry.npmmirror.com/language-tags set size:10884 disposed:false
758 http fetch GET 200 https://registry.npmmirror.com/jsx-ast-utils 506ms (cache miss)
759 silly packumentCache full:https://registry.npmmirror.com/jsx-ast-utils set size:21148 disposed:false
760 silly packumentCache full:https://registry.npmmirror.com/jsx-ast-utils dispose
761 http fetch GET 200 https://registry.npmmirror.com/string.prototype.includes 379ms (cache miss)
762 silly packumentCache full:https://registry.npmmirror.com/string.prototype.includes set size:4091 disposed:false
763 http fetch GET 200 https://registry.npmmirror.com/@typescript-eslint%2ftypes 2070ms (cache miss)
764 silly packumentCache full:https://registry.npmmirror.com/@typescript-eslint%2ftypes set size:2116628 disposed:false
765 http fetch GET 200 https://registry.npmmirror.com/es-iterator-helpers 486ms (cache miss)
766 silly packumentCache full:https://registry.npmmirror.com/es-iterator-helpers set size:43176 disposed:false
767 http fetch GET 200 https://registry.npmmirror.com/prop-types 360ms (cache miss)
768 silly packumentCache full:https://registry.npmmirror.com/prop-types set size:16068 disposed:false
769 http fetch GET 200 https://registry.npmmirror.com/object.entries 402ms (cache miss)
770 silly packumentCache full:https://registry.npmmirror.com/object.entries set size:9226 disposed:false
771 http fetch GET 200 https://registry.npmmirror.com/axe-core 872ms (cache miss)
772 silly packumentCache full:https://registry.npmmirror.com/axe-core set size:988560 disposed:false
773 http fetch GET 200 https://registry.npmmirror.com/string.prototype.repeat 333ms (cache miss)
774 silly packumentCache full:https://registry.npmmirror.com/string.prototype.repeat set size:2657 disposed:false
775 http fetch GET 200 https://registry.npmmirror.com/emoji-regex 1118ms (cache miss)
776 silly packumentCache full:https://registry.npmmirror.com/emoji-regex set size:17651 disposed:false
777 http fetch GET 200 https://registry.npmmirror.com/array.prototype.tosorted 1073ms (cache miss)
778 silly packumentCache full:https://registry.npmmirror.com/array.prototype.tosorted set size:6830 disposed:false
779 http fetch GET 200 https://registry.npmmirror.com/string.prototype.matchall 1058ms (cache miss)
780 silly packumentCache full:https://registry.npmmirror.com/string.prototype.matchall set size:11416 disposed:false
781 silly placeDep ROOT fast-glob@3.3.1 OK for: @next/eslint-plugin-next@15.5.23 want: 3.3.1
782 silly fetch manifest @nodelib/fs.stat@^2.0.2
783 silly packumentCache full:https://registry.npmmirror.com/@nodelib%2ffs.stat cache-miss
784 silly fetch manifest @nodelib/fs.walk@^1.2.3
785 silly packumentCache full:https://registry.npmmirror.com/@nodelib%2ffs.walk cache-miss
786 silly fetch manifest glob-parent@^5.1.2
787 silly packumentCache full:https://registry.npmmirror.com/glob-parent cache-hit
788 silly fetch manifest merge2@^1.3.0
789 silly packumentCache full:https://registry.npmmirror.com/merge2 cache-miss
790 silly fetch manifest micromatch@^4.0.4
791 silly packumentCache full:https://registry.npmmirror.com/micromatch cache-miss
792 http fetch GET 200 https://registry.npmmirror.com/merge2 318ms (cache miss)
793 silly packumentCache full:https://registry.npmmirror.com/merge2 set size:8713 disposed:false
794 http fetch GET 200 https://registry.npmmirror.com/@nodelib%2ffs.walk 323ms (cache miss)
795 silly packumentCache full:https://registry.npmmirror.com/@nodelib%2ffs.walk set size:8290 disposed:false
796 http fetch GET 200 https://registry.npmmirror.com/micromatch 324ms (cache miss)
797 silly packumentCache full:https://registry.npmmirror.com/micromatch set size:39386 disposed:false
798 http fetch GET 200 https://registry.npmmirror.com/@nodelib%2ffs.stat 363ms (cache miss)
799 silly packumentCache full:https://registry.npmmirror.com/@nodelib%2ffs.stat set size:6493 disposed:false
800 silly placeDep ROOT @typescript-eslint/scope-manager@8.67.0 OK for: @typescript-eslint/eslint-plugin@8.67.0 want: 8.67.0
801 silly placeDep ROOT @typescript-eslint/type-utils@8.67.0 OK for: @typescript-eslint/eslint-plugin@8.67.0 want: 8.67.0
802 silly placeDep ROOT @typescript-eslint/utils@8.67.0 OK for: @typescript-eslint/eslint-plugin@8.67.0 want: 8.67.0
803 silly placeDep ROOT @typescript-eslint/visitor-keys@8.67.0 OK for: @typescript-eslint/eslint-plugin@8.67.0 want: 8.67.0
804 silly placeDep node_modules/@typescript-eslint/eslint-plugin ignore@7.0.6 OK for: @typescript-eslint/eslint-plugin@8.67.0 want: ^7.0.5
805 silly placeDep ROOT ts-api-utils@2.5.0 OK for: @typescript-eslint/eslint-plugin@8.67.0 want: ^2.5.0
806 silly fetch manifest eslint-visitor-keys@^5.0.0
807 silly packumentCache full:https://registry.npmmirror.com/eslint-visitor-keys cache-hit
808 silly placeDep ROOT @typescript-eslint/types@8.67.0 OK for: @typescript-eslint/parser@8.67.0 want: 8.67.0
809 silly placeDep ROOT @typescript-eslint/typescript-estree@8.67.0 OK for: @typescript-eslint/parser@8.67.0 want: 8.67.0
810 silly fetch manifest semver@^7.7.3
811 silly packumentCache full:https://registry.npmmirror.com/semver cache-hit
812 silly fetch manifest minimatch@^10.2.2
813 silly packumentCache full:https://registry.npmmirror.com/minimatch cache-hit
814 silly fetch manifest tinyglobby@^0.2.15
815 silly packumentCache full:https://registry.npmmirror.com/tinyglobby cache-hit
816 silly fetch manifest @typescript-eslint/tsconfig-utils@8.67.0
817 silly packumentCache full:https://registry.npmmirror.com/@typescript-eslint%2ftsconfig-utils cache-miss
818 silly fetch manifest @typescript-eslint/project-service@8.67.0
819 silly packumentCache full:https://registry.npmmirror.com/@typescript-eslint%2fproject-service cache-miss
820 http fetch GET 200 https://registry.npmmirror.com/@typescript-eslint%2ftsconfig-utils 625ms (cache miss)
821 silly packumentCache full:https://registry.npmmirror.com/@typescript-eslint%2ftsconfig-utils set size:227538 disposed:false
822 http fetch GET 200 https://registry.npmmirror.com/@typescript-eslint%2fproject-service 1312ms (cache miss)
823 silly packumentCache full:https://registry.npmmirror.com/@typescript-eslint%2fproject-service set size:239642 disposed:false
824 silly placeDep ROOT @typescript-eslint/project-service@8.67.0 OK for: @typescript-eslint/typescript-estree@8.67.0 want: 8.67.0
825 silly placeDep ROOT @typescript-eslint/tsconfig-utils@8.67.0 OK for: @typescript-eslint/typescript-estree@8.67.0 want: 8.67.0
826 silly placeDep node_modules/@typescript-eslint/typescript-estree minimatch@10.2.6 OK for: @typescript-eslint/typescript-estree@8.67.0 want: ^10.2.2
827 silly placeDep ROOT semver@7.8.5 OK for: @typescript-eslint/typescript-estree@8.67.0 want: ^7.7.3
828 silly placeDep ROOT tinyglobby@0.2.17 OK for: @typescript-eslint/typescript-estree@8.67.0 want: ^0.2.15
829 silly fetch manifest @typescript-eslint/tsconfig-utils@^8.67.0
830 silly packumentCache full:https://registry.npmmirror.com/@typescript-eslint%2ftsconfig-utils cache-hit
831 silly fetch manifest brace-expansion@^5.0.8
832 silly packumentCache full:https://registry.npmmirror.com/brace-expansion cache-hit
833 silly fetch manifest fdir@^6.5.0
834 silly packumentCache full:https://registry.npmmirror.com/fdir cache-miss
835 silly fetch manifest picomatch@^4.0.4
836 silly packumentCache full:https://registry.npmmirror.com/picomatch cache-miss
837 http fetch GET 200 https://registry.npmmirror.com/picomatch 64ms (cache miss)
838 silly packumentCache full:https://registry.npmmirror.com/picomatch set size:23645 disposed:false
839 http fetch GET 200 https://registry.npmmirror.com/fdir 315ms (cache miss)
840 silly packumentCache full:https://registry.npmmirror.com/fdir set size:21942 disposed:false
841 silly placeDep node_modules/@typescript-eslint/visitor-keys eslint-visitor-keys@5.0.1 OK for: @typescript-eslint/visitor-keys@8.67.0 want: ^5.0.0
842 silly placeDep node_modules/eslint-import-resolver-node debug@3.2.7 OK for: eslint-import-resolver-node@0.3.10 want: ^3.2.7
843 silly placeDep ROOT is-core-module@2.16.2 OK for: eslint-import-resolver-node@0.3.10 want: ^2.16.1
844 silly placeDep ROOT resolve@2.0.0-next.7 OK for: eslint-import-resolver-node@0.3.10 want: ^2.0.0-next.6
845 silly fetch manifest hasown@^2.0.3
846 silly packumentCache full:https://registry.npmmirror.com/hasown cache-hit
847 silly fetch manifest es-errors@^1.3.0
848 silly packumentCache full:https://registry.npmmirror.com/es-errors cache-miss
849 silly fetch manifest node-exports-info@^1.6.0
850 silly packumentCache full:https://registry.npmmirror.com/node-exports-info cache-miss
851 silly fetch manifest object-keys@^1.1.1
852 silly packumentCache full:https://registry.npmmirror.com/object-keys cache-miss
853 silly fetch manifest path-parse@^1.0.7
854 silly packumentCache full:https://registry.npmmirror.com/path-parse cache-miss
855 silly fetch manifest supports-preserve-symlinks-flag@^1.0.0
856 silly packumentCache full:https://registry.npmmirror.com/supports-preserve-symlinks-flag cache-miss
857 http fetch GET 200 https://registry.npmmirror.com/path-parse 308ms (cache miss)
858 silly packumentCache full:https://registry.npmmirror.com/path-parse set size:2940 disposed:false
859 http fetch GET 200 https://registry.npmmirror.com/object-keys 310ms (cache miss)
860 silly packumentCache full:https://registry.npmmirror.com/object-keys set size:10709 disposed:false
861 http fetch GET 200 https://registry.npmmirror.com/supports-preserve-symlinks-flag 343ms (cache miss)
862 silly packumentCache full:https://registry.npmmirror.com/supports-preserve-symlinks-flag set size:2816 disposed:false
863 http fetch GET 200 https://registry.npmmirror.com/es-errors 345ms (cache miss)
864 silly packumentCache full:https://registry.npmmirror.com/es-errors set size:4030 disposed:false
865 http fetch GET 200 https://registry.npmmirror.com/node-exports-info 359ms (cache miss)
866 silly packumentCache full:https://registry.npmmirror.com/node-exports-info set size:15713 disposed:false
867 silly placeDep ROOT @nolyfill/is-core-module@1.0.39 OK for: eslint-import-resolver-typescript@3.10.1 want: 1.0.39
868 silly placeDep ROOT get-tsconfig@4.14.3 OK for: eslint-import-resolver-typescript@3.10.1 want: ^4.10.0
869 silly placeDep ROOT is-bun-module@2.0.0 OK for: eslint-import-resolver-typescript@3.10.1 want: ^2.0.0
870 silly placeDep ROOT stable-hash@0.0.5 OK for: eslint-import-resolver-typescript@3.10.1 want: ^0.0.5
871 silly placeDep ROOT unrs-resolver@1.12.2 OK for: eslint-import-resolver-typescript@3.10.1 want: ^1.6.2
872 silly fetch manifest resolve-pkg-maps@^1.0.0
873 silly packumentCache full:https://registry.npmmirror.com/resolve-pkg-maps cache-miss
874 silly fetch manifest napi-postinstall@^0.3.4
875 silly packumentCache full:https://registry.npmmirror.com/napi-postinstall cache-miss
876 silly fetch manifest @unrs/resolver-binding-darwin-arm64@1.12.2
877 silly packumentCache full:https://registry.npmmirror.com/@unrs%2fresolver-binding-darwin-arm64 cache-miss
878 silly fetch manifest @unrs/resolver-binding-android-arm64@1.12.2
879 silly packumentCache full:https://registry.npmmirror.com/@unrs%2fresolver-binding-android-arm64 cache-miss
880 silly fetch manifest @unrs/resolver-binding-win32-arm64-msvc@1.12.2
881 silly packumentCache full:https://registry.npmmirror.com/@unrs%2fresolver-binding-win32-arm64-msvc cache-miss
882 silly fetch manifest @unrs/resolver-binding-linux-arm64-gnu@1.12.2
883 silly packumentCache full:https://registry.npmmirror.com/@unrs%2fresolver-binding-linux-arm64-gnu cache-miss
884 silly fetch manifest @unrs/resolver-binding-linux-arm64-musl@1.12.2
885 silly packumentCache full:https://registry.npmmirror.com/@unrs%2fresolver-binding-linux-arm64-musl cache-miss
886 silly fetch manifest @unrs/resolver-binding-openharmony-arm64@1.12.2
887 silly packumentCache full:https://registry.npmmirror.com/@unrs%2fresolver-binding-openharmony-arm64 cache-miss
888 silly fetch manifest @unrs/resolver-binding-android-arm-eabi@1.12.2
889 silly packumentCache full:https://registry.npmmirror.com/@unrs%2fresolver-binding-android-arm-eabi cache-miss
890 silly fetch manifest @unrs/resolver-binding-linux-arm-gnueabihf@1.12.2
891 silly packumentCache full:https://registry.npmmirror.com/@unrs%2fresolver-binding-linux-arm-gnueabihf cache-miss
892 silly fetch manifest @unrs/resolver-binding-linux-arm-musleabihf@1.12.2
893 silly packumentCache full:https://registry.npmmirror.com/@unrs%2fresolver-binding-linux-arm-musleabihf cache-miss
894 silly fetch manifest @unrs/resolver-binding-win32-ia32-msvc@1.12.2
895 silly packumentCache full:https://registry.npmmirror.com/@unrs%2fresolver-binding-win32-ia32-msvc cache-miss
896 silly fetch manifest @unrs/resolver-binding-linux-loong64-gnu@1.12.2
897 silly packumentCache full:https://registry.npmmirror.com/@unrs%2fresolver-binding-linux-loong64-gnu cache-miss
898 silly fetch manifest @unrs/resolver-binding-linux-loong64-musl@1.12.2
899 silly packumentCache full:https://registry.npmmirror.com/@unrs%2fresolver-binding-linux-loong64-musl cache-miss
900 silly fetch manifest @unrs/resolver-binding-linux-ppc64-gnu@1.12.2
901 silly packumentCache full:https://registry.npmmirror.com/@unrs%2fresolver-binding-linux-ppc64-gnu cache-miss
902 http fetch GET 200 https://registry.npmmirror.com/@unrs%2fresolver-binding-linux-arm64-musl 312ms (cache miss)
903 silly packumentCache full:https://registry.npmmirror.com/@unrs%2fresolver-binding-linux-arm64-musl set size:14162 disposed:false
904 silly fetch manifest @unrs/resolver-binding-linux-riscv64-gnu@1.12.2
905 silly packumentCache full:https://registry.npmmirror.com/@unrs%2fresolver-binding-linux-riscv64-gnu cache-miss
906 http fetch GET 200 https://registry.npmmirror.com/resolve-pkg-maps 331ms (cache miss)
907 silly packumentCache full:https://registry.npmmirror.com/resolve-pkg-maps set size:4954 disposed:false
908 silly fetch manifest @unrs/resolver-binding-linux-riscv64-musl@1.12.2
909 silly packumentCache full:https://registry.npmmirror.com/@unrs%2fresolver-binding-linux-riscv64-musl cache-miss
910 http fetch GET 200 https://registry.npmmirror.com/@unrs%2fresolver-binding-linux-loong64-musl 330ms (cache miss)
911 silly packumentCache full:https://registry.npmmirror.com/@unrs%2fresolver-binding-linux-loong64-musl set size:1682 disposed:false
912 silly fetch manifest @unrs/resolver-binding-linux-s390x-gnu@1.12.2
913 silly packumentCache full:https://registry.npmmirror.com/@unrs%2fresolver-binding-linux-s390x-gnu cache-miss
914 http fetch GET 200 https://registry.npmmirror.com/@unrs%2fresolver-binding-linux-loong64-gnu 340ms (cache miss)
915 silly packumentCache full:https://registry.npmmirror.com/@unrs%2fresolver-binding-linux-loong64-gnu set size:1672 disposed:false
916 silly fetch manifest @unrs/resolver-binding-wasm32-wasi@1.12.2
917 silly packumentCache full:https://registry.npmmirror.com/@unrs%2fresolver-binding-wasm32-wasi cache-miss
918 http fetch GET 200 https://registry.npmmirror.com/@unrs%2fresolver-binding-openharmony-arm64 347ms (cache miss)
919 silly packumentCache full:https://registry.npmmirror.com/@unrs%2fresolver-binding-openharmony-arm64 set size:2373 disposed:false
920 silly fetch manifest @unrs/resolver-binding-darwin-x64@1.12.2
921 silly packumentCache full:https://registry.npmmirror.com/@unrs%2fresolver-binding-darwin-x64 cache-miss
922 http fetch GET 200 https://registry.npmmirror.com/@unrs%2fresolver-binding-win32-arm64-msvc 357ms (cache miss)
923 silly packumentCache full:https://registry.npmmirror.com/@unrs%2fresolver-binding-win32-arm64-msvc set size:14138 disposed:false
924 silly fetch manifest @unrs/resolver-binding-win32-x64-msvc@1.12.2
925 silly packumentCache full:https://registry.npmmirror.com/@unrs%2fresolver-binding-win32-x64-msvc cache-miss
926 http fetch GET 200 https://registry.npmmirror.com/@unrs%2fresolver-binding-linux-arm64-gnu 366ms (cache miss)
927 silly packumentCache full:https://registry.npmmirror.com/@unrs%2fresolver-binding-linux-arm64-gnu set size:14113 disposed:false
928 silly fetch manifest @unrs/resolver-binding-freebsd-x64@1.12.2
929 silly packumentCache full:https://registry.npmmirror.com/@unrs%2fresolver-binding-freebsd-x64 cache-miss
930 http fetch GET 200 https://registry.npmmirror.com/napi-postinstall 370ms (cache miss)
931 silly packumentCache full:https://registry.npmmirror.com/napi-postinstall set size:9329 disposed:false
932 silly fetch manifest @unrs/resolver-binding-linux-x64-gnu@1.12.2
933 silly packumentCache full:https://registry.npmmirror.com/@unrs%2fresolver-binding-linux-x64-gnu cache-miss
934 http fetch GET 200 https://registry.npmmirror.com/@unrs%2fresolver-binding-linux-arm-gnueabihf 383ms (cache miss)
935 silly packumentCache full:https://registry.npmmirror.com/@unrs%2fresolver-binding-linux-arm-gnueabihf set size:14116 disposed:false
936 silly fetch manifest @unrs/resolver-binding-linux-x64-musl@1.12.2
937 silly packumentCache full:https://registry.npmmirror.com/@unrs%2fresolver-binding-linux-x64-musl cache-miss
938 http fetch GET 200 https://registry.npmmirror.com/@unrs%2fresolver-binding-win32-ia32-msvc 386ms (cache miss)
939 silly packumentCache full:https://registry.npmmirror.com/@unrs%2fresolver-binding-win32-ia32-msvc set size:14120 disposed:false
940 http fetch GET 200 https://registry.npmmirror.com/@unrs%2fresolver-binding-android-arm64 388ms (cache miss)
941 silly packumentCache full:https://registry.npmmirror.com/@unrs%2fresolver-binding-android-arm64 set size:4329 disposed:false
942 http fetch GET 200 https://registry.npmmirror.com/@unrs%2fresolver-binding-linux-arm-musleabihf 389ms (cache miss)
943 silly packumentCache full:https://registry.npmmirror.com/@unrs%2fresolver-binding-linux-arm-musleabihf set size:14208 disposed:false
944 http fetch GET 200 https://registry.npmmirror.com/@unrs%2fresolver-binding-linux-ppc64-gnu 389ms (cache miss)
945 silly packumentCache full:https://registry.npmmirror.com/@unrs%2fresolver-binding-linux-ppc64-gnu set size:14005 disposed:false
946 http fetch GET 200 https://registry.npmmirror.com/@unrs%2fresolver-binding-darwin-arm64 393ms (cache miss)
947 silly packumentCache full:https://registry.npmmirror.com/@unrs%2fresolver-binding-darwin-arm64 set size:14130 disposed:false
948 http fetch GET 200 https://registry.npmmirror.com/@unrs%2fresolver-binding-android-arm-eabi 445ms (cache miss)
949 silly packumentCache full:https://registry.npmmirror.com/@unrs%2fresolver-binding-android-arm-eabi set size:4367 disposed:false
950 http fetch GET 200 https://registry.npmmirror.com/@unrs%2fresolver-binding-linux-riscv64-musl 371ms (cache miss)
951 silly packumentCache full:https://registry.npmmirror.com/@unrs%2fresolver-binding-linux-riscv64-musl set size:10003 disposed:false
952 http fetch GET 200 https://registry.npmmirror.com/@unrs%2fresolver-binding-darwin-x64 357ms (cache miss)
953 silly packumentCache full:https://registry.npmmirror.com/@unrs%2fresolver-binding-darwin-x64 set size:14055 disposed:false
954 http fetch GET 200 https://registry.npmmirror.com/@unrs%2fresolver-binding-wasm32-wasi 367ms (cache miss)
955 silly packumentCache full:https://registry.npmmirror.com/@unrs%2fresolver-binding-wasm32-wasi set size:14511 disposed:false
956 http fetch GET 200 https://registry.npmmirror.com/@unrs%2fresolver-binding-win32-x64-msvc 351ms (cache miss)
957 silly packumentCache full:https://registry.npmmirror.com/@unrs%2fresolver-binding-win32-x64-msvc set size:14110 disposed:false
958 http fetch GET 200 https://registry.npmmirror.com/@unrs%2fresolver-binding-linux-riscv64-gnu 397ms (cache miss)
959 silly packumentCache full:https://registry.npmmirror.com/@unrs%2fresolver-binding-linux-riscv64-gnu set size:12189 disposed:false
960 http fetch GET 200 https://registry.npmmirror.com/@unrs%2fresolver-binding-linux-s390x-gnu 379ms (cache miss)
961 silly packumentCache full:https://registry.npmmirror.com/@unrs%2fresolver-binding-linux-s390x-gnu set size:14098 disposed:false
962 http fetch GET 200 https://registry.npmmirror.com/@unrs%2fresolver-binding-freebsd-x64 344ms (cache miss)
963 silly packumentCache full:https://registry.npmmirror.com/@unrs%2fresolver-binding-freebsd-x64 set size:14078 disposed:false
964 http fetch GET 200 https://registry.npmmirror.com/@unrs%2fresolver-binding-linux-x64-musl 339ms (cache miss)
965 silly packumentCache full:https://registry.npmmirror.com/@unrs%2fresolver-binding-linux-x64-musl set size:14133 disposed:false
966 http fetch GET 200 https://registry.npmmirror.com/@unrs%2fresolver-binding-linux-x64-gnu 1025ms (cache miss)
967 silly packumentCache full:https://registry.npmmirror.com/@unrs%2fresolver-binding-linux-x64-gnu set size:14107 disposed:false
968 silly placeDep ROOT @rtsao/scc@1.1.0 OK for: eslint-plugin-import@2.32.0 want: ^1.1.0
969 silly placeDep ROOT array-includes@3.1.9 OK for: eslint-plugin-import@2.32.0 want: ^3.1.9
970 silly placeDep ROOT array.prototype.findlastindex@1.2.6 OK for: eslint-plugin-import@2.32.0 want: ^1.2.6
971 silly placeDep ROOT array.prototype.flat@1.3.3 OK for: eslint-plugin-import@2.32.0 want: ^1.3.3
972 silly placeDep ROOT array.prototype.flatmap@1.3.3 OK for: eslint-plugin-import@2.32.0 want: ^1.3.3
973 silly placeDep node_modules/eslint-plugin-import debug@3.2.7 OK for: eslint-plugin-import@2.32.0 want: ^3.2.7
974 silly placeDep ROOT doctrine@2.1.0 OK for: eslint-plugin-import@2.32.0 want: ^2.1.0
975 silly placeDep ROOT eslint-module-utils@2.14.0 OK for: eslint-plugin-import@2.32.0 want: ^2.12.1
976 silly placeDep ROOT hasown@2.0.4 OK for: eslint-plugin-import@2.32.0 want: ^2.0.2
977 silly placeDep ROOT object.fromentries@2.0.8 OK for: eslint-plugin-import@2.32.0 want: ^2.0.8
978 silly placeDep ROOT object.groupby@1.0.3 OK for: eslint-plugin-import@2.32.0 want: ^1.0.3
979 silly placeDep ROOT object.values@1.2.1 OK for: eslint-plugin-import@2.32.0 want: ^1.2.1
980 silly placeDep node_modules/eslint-plugin-import semver@6.3.1 OK for: eslint-plugin-import@2.32.0 want: ^6.3.1
981 silly placeDep ROOT string.prototype.trimend@1.0.10 OK for: eslint-plugin-import@2.32.0 want: ^1.0.9
982 silly placeDep ROOT tsconfig-paths@3.15.0 OK for: eslint-plugin-import@2.32.0 want: ^3.15.0
983 silly fetch manifest call-bind@^1.0.8
984 silly packumentCache full:https://registry.npmmirror.com/call-bind cache-miss
985 silly fetch manifest call-bound@^1.0.4
986 silly packumentCache full:https://registry.npmmirror.com/call-bound cache-miss
987 silly fetch manifest define-properties@^1.2.1
988 silly packumentCache full:https://registry.npmmirror.com/define-properties cache-miss
989 silly fetch manifest es-abstract@^1.24.0
990 silly packumentCache full:https://registry.npmmirror.com/es-abstract cache-miss
991 silly fetch manifest es-object-atoms@^1.1.1
992 silly packumentCache full:https://registry.npmmirror.com/es-object-atoms cache-miss
993 silly fetch manifest get-intrinsic@^1.3.0
994 silly packumentCache full:https://registry.npmmirror.com/get-intrinsic cache-miss
995 silly fetch manifest is-string@^1.1.1
996 silly packumentCache full:https://registry.npmmirror.com/is-string cache-miss
997 silly fetch manifest math-intrinsics@^1.1.0
998 silly packumentCache full:https://registry.npmmirror.com/math-intrinsics cache-miss
999 silly fetch manifest call-bind@^1.0.8
1000 silly packumentCache full:https://registry.npmmirror.com/call-bind cache-miss
1001 silly fetch manifest call-bound@^1.0.4
1002 silly packumentCache full:https://registry.npmmirror.com/call-bound cache-miss
1003 silly fetch manifest define-properties@^1.2.1
1004 silly packumentCache full:https://registry.npmmirror.com/define-properties cache-miss
1005 silly fetch manifest es-abstract@^1.23.9
1006 silly packumentCache full:https://registry.npmmirror.com/es-abstract cache-miss
1007 silly fetch manifest es-object-atoms@^1.1.1
1008 silly packumentCache full:https://registry.npmmirror.com/es-object-atoms cache-miss
1009 silly fetch manifest es-shim-unscopables@^1.1.0
1010 silly packumentCache full:https://registry.npmmirror.com/es-shim-unscopables cache-miss
1011 silly fetch manifest call-bind@^1.0.8
1012 silly packumentCache full:https://registry.npmmirror.com/call-bind cache-miss
1013 http fetch GET 200 https://registry.npmmirror.com/get-intrinsic 482ms (cache miss)
1014 silly packumentCache full:https://registry.npmmirror.com/get-intrinsic set size:11575 disposed:false
1015 silly fetch manifest define-properties@^1.2.1
1016 silly packumentCache full:https://registry.npmmirror.com/define-properties cache-miss
1017 http fetch GET 200 https://registry.npmmirror.com/call-bind 581ms (cache miss)
1018 silly packumentCache full:https://registry.npmmirror.com/call-bind set size:6188 disposed:false
1019 silly fetch manifest es-abstract@^1.23.5
1020 silly packumentCache full:https://registry.npmmirror.com/es-abstract cache-miss
1021 http fetch GET 200 https://registry.npmmirror.com/call-bound 596ms (cache miss)
1022 silly packumentCache full:https://registry.npmmirror.com/call-bound set size:3859 disposed:false
1023 silly fetch manifest es-shim-unscopables@^1.0.2
1024 silly packumentCache full:https://registry.npmmirror.com/es-shim-unscopables cache-miss
1025 http fetch GET 200 https://registry.npmmirror.com/es-object-atoms 596ms (cache miss)
1026 silly packumentCache full:https://registry.npmmirror.com/es-object-atoms set size:4324 disposed:false
1027 silly fetch manifest define-properties@^1.2.1
1028 silly packumentCache full:https://registry.npmmirror.com/define-properties cache-miss
1029 http fetch GET 200 https://registry.npmmirror.com/define-properties 602ms (cache miss)
1030 silly packumentCache full:https://registry.npmmirror.com/define-properties set size:7369 disposed:false
1031 silly fetch manifest es-abstract@^1.23.5
1032 silly packumentCache full:https://registry.npmmirror.com/es-abstract cache-miss
1033 http fetch GET 200 https://registry.npmmirror.com/es-shim-unscopables 609ms (cache miss)
1034 silly packumentCache full:https://registry.npmmirror.com/es-shim-unscopables set size:4499 disposed:false
1035 silly fetch manifest es-shim-unscopables@^1.0.2
1036 silly packumentCache full:https://registry.npmmirror.com/es-shim-unscopables cache-hit
1037 silly fetch manifest function-bind@^1.1.2
1038 silly packumentCache full:https://registry.npmmirror.com/function-bind cache-miss
1039 http fetch GET 200 https://registry.npmmirror.com/is-string 613ms (cache miss)
1040 silly packumentCache full:https://registry.npmmirror.com/is-string set size:5725 disposed:false
1041 silly fetch manifest call-bind@^1.0.7
1042 silly packumentCache full:https://registry.npmmirror.com/call-bind cache-hit
1043 silly fetch manifest es-abstract@^1.23.2
1044 silly packumentCache full:https://registry.npmmirror.com/es-abstract cache-miss
1045 http fetch GET 200 https://registry.npmmirror.com/call-bind 632ms (cache miss)
1046 silly packumentCache full:https://registry.npmmirror.com/call-bind set size:6188 disposed:false
1047 silly packumentCache full:https://registry.npmmirror.com/call-bind dispose
1048 silly fetch manifest es-object-atoms@^1.0.0
1049 silly packumentCache full:https://registry.npmmirror.com/es-object-atoms cache-hit
1050 silly fetch manifest es-abstract@^1.23.2
1051 silly packumentCache full:https://registry.npmmirror.com/es-abstract cache-miss
1052 http fetch GET 200 https://registry.npmmirror.com/call-bind 637ms (cache miss)
1053 silly packumentCache full:https://registry.npmmirror.com/call-bind set size:6188 disposed:true
1054 silly packumentCache full:https://registry.npmmirror.com/call-bind dispose
1055 silly fetch manifest call-bound@^1.0.3
1056 silly packumentCache full:https://registry.npmmirror.com/call-bound cache-hit
1057 silly fetch manifest call-bind@^1.0.9
1058 silly packumentCache full:https://registry.npmmirror.com/call-bind cache-hit
1059 silly fetch manifest es-object-atoms@^1.1.2
1060 silly packumentCache full:https://registry.npmmirror.com/es-object-atoms cache-hit
1061 silly fetch manifest @types/json5@^0.0.29
1062 silly packumentCache full:https://registry.npmmirror.com/@types%2fjson5 cache-miss
1063 http fetch GET 200 https://registry.npmmirror.com/define-properties 646ms (cache miss)
1064 silly packumentCache full:https://registry.npmmirror.com/define-properties set size:7369 disposed:false
1065 silly packumentCache full:https://registry.npmmirror.com/define-properties dispose
1066 silly fetch manifest json5@^1.0.2
1067 silly packumentCache full:https://registry.npmmirror.com/json5 cache-miss
1068 http fetch GET 200 https://registry.npmmirror.com/call-bound 650ms (cache miss)
1069 silly packumentCache full:https://registry.npmmirror.com/call-bound set size:3859 disposed:false
1070 silly packumentCache full:https://registry.npmmirror.com/call-bound dispose
1071 silly fetch manifest minimist@^1.2.6
1072 silly packumentCache full:https://registry.npmmirror.com/minimist cache-miss
1073 http fetch GET 200 https://registry.npmmirror.com/es-object-atoms 668ms (cache miss)
1074 silly packumentCache full:https://registry.npmmirror.com/es-object-atoms set size:4324 disposed:false
1075 silly packumentCache full:https://registry.npmmirror.com/es-object-atoms dispose
1076 silly fetch manifest strip-bom@^3.0.0
1077 silly packumentCache full:https://registry.npmmirror.com/strip-bom cache-miss
1078 http cache https://registry.npmmirror.com/define-properties 196ms (cache hit)
1079 silly packumentCache full:https://registry.npmmirror.com/define-properties set size:30757 disposed:true
1080 silly packumentCache full:https://registry.npmmirror.com/define-properties dispose
1081 http cache https://registry.npmmirror.com/es-shim-unscopables 85ms (cache hit)
1082 silly packumentCache full:https://registry.npmmirror.com/es-shim-unscopables set size:14447 disposed:false
1083 silly packumentCache full:https://registry.npmmirror.com/es-shim-unscopables dispose
1084 http cache https://registry.npmmirror.com/define-properties 84ms (cache hit)
1085 silly packumentCache full:https://registry.npmmirror.com/define-properties set size:30757 disposed:true
1086 silly packumentCache full:https://registry.npmmirror.com/define-properties dispose
1087 http fetch GET 200 https://registry.npmmirror.com/minimist 52ms (cache miss)
1088 silly packumentCache full:https://registry.npmmirror.com/minimist set size:15089 disposed:false
1089 http fetch GET 200 https://registry.npmmirror.com/function-bind 350ms (cache miss)
1090 silly packumentCache full:https://registry.npmmirror.com/function-bind set size:4376 disposed:false
1091 http fetch GET 200 https://registry.npmmirror.com/json5 319ms (cache miss)
1092 silly packumentCache full:https://registry.npmmirror.com/json5 set size:18850 disposed:false
1093 http fetch GET 200 https://registry.npmmirror.com/@types%2fjson5 339ms (cache miss)
1094 silly packumentCache full:https://registry.npmmirror.com/@types%2fjson5 set size:4033 disposed:false
1095 http fetch GET 200 https://registry.npmmirror.com/strip-bom 367ms (cache miss)
1096 silly packumentCache full:https://registry.npmmirror.com/strip-bom set size:4055 disposed:false
1097 http fetch GET 200 https://registry.npmmirror.com/es-abstract 1127ms (cache miss)
1098 silly packumentCache full:https://registry.npmmirror.com/es-abstract set size:52023 disposed:false
1099 http fetch GET 200 https://registry.npmmirror.com/es-abstract 547ms (cache miss)
1100 silly packumentCache full:https://registry.npmmirror.com/es-abstract set size:52023 disposed:false
1101 silly packumentCache full:https://registry.npmmirror.com/es-abstract dispose
1102 http fetch GET 200 https://registry.npmmirror.com/es-abstract 1136ms (cache miss)
1103 silly packumentCache full:https://registry.npmmirror.com/es-abstract set size:52023 disposed:true
1104 silly packumentCache full:https://registry.npmmirror.com/es-abstract dispose
1105 http fetch GET 200 https://registry.npmmirror.com/es-abstract 506ms (cache miss)
1106 silly packumentCache full:https://registry.npmmirror.com/es-abstract set size:52023 disposed:true
1107 silly packumentCache full:https://registry.npmmirror.com/es-abstract dispose
1108 http fetch GET 200 https://registry.npmmirror.com/es-abstract 528ms (cache miss)
1109 silly packumentCache full:https://registry.npmmirror.com/es-abstract set size:52023 disposed:true
1110 silly packumentCache full:https://registry.npmmirror.com/es-abstract dispose
1111 http fetch GET 200 https://registry.npmmirror.com/es-abstract 548ms (cache miss)
1112 silly packumentCache full:https://registry.npmmirror.com/es-abstract set size:52023 disposed:true
1113 silly packumentCache full:https://registry.npmmirror.com/es-abstract dispose
1114 http fetch GET 200 https://registry.npmmirror.com/math-intrinsics 1160ms (cache miss)
1115 silly packumentCache full:https://registry.npmmirror.com/math-intrinsics set size:3012 disposed:false
1116 silly placeDep ROOT call-bind@1.0.9 OK for: array-includes@3.1.9 want: ^1.0.8
1117 silly placeDep ROOT call-bound@1.0.4 OK for: array-includes@3.1.9 want: ^1.0.4
1118 silly placeDep ROOT define-properties@1.2.1 OK for: array-includes@3.1.9 want: ^1.2.1
1119 silly placeDep ROOT es-abstract@1.24.2 OK for: array-includes@3.1.9 want: ^1.24.0
1120 silly placeDep ROOT es-object-atoms@1.1.2 OK for: array-includes@3.1.9 want: ^1.1.1
1121 silly placeDep ROOT get-intrinsic@1.3.0 OK for: array-includes@3.1.9 want: ^1.3.0
1122 silly placeDep ROOT is-string@1.1.1 OK for: array-includes@3.1.9 want: ^1.1.1
1123 silly placeDep ROOT math-intrinsics@1.1.0 OK for: array-includes@3.1.9 want: ^1.1.0
1124 silly fetch manifest call-bind-apply-helpers@^1.0.2
1125 silly packumentCache full:https://registry.npmmirror.com/call-bind-apply-helpers cache-miss
1126 silly fetch manifest es-define-property@^1.0.1
1127 silly packumentCache full:https://registry.npmmirror.com/es-define-property cache-miss
1128 silly fetch manifest set-function-length@^1.2.2
1129 silly packumentCache full:https://registry.npmmirror.com/set-function-length cache-miss
1130 silly fetch manifest call-bind-apply-helpers@^1.0.2
1131 silly packumentCache full:https://registry.npmmirror.com/call-bind-apply-helpers cache-miss
1132 silly fetch manifest define-data-property@^1.0.1
1133 silly packumentCache full:https://registry.npmmirror.com/define-data-property cache-miss
1134 silly fetch manifest has-property-descriptors@^1.0.0
1135 silly packumentCache full:https://registry.npmmirror.com/has-property-descriptors cache-miss
1136 silly fetch manifest array-buffer-byte-length@^1.0.2
1137 silly packumentCache full:https://registry.npmmirror.com/array-buffer-byte-length cache-miss
1138 silly fetch manifest arraybuffer.prototype.slice@^1.0.4
1139 silly packumentCache full:https://registry.npmmirror.com/arraybuffer.prototype.slice cache-miss
1140 silly fetch manifest available-typed-arrays@^1.0.7
1141 silly packumentCache full:https://registry.npmmirror.com/available-typed-arrays cache-miss
1142 silly fetch manifest data-view-buffer@^1.0.2
1143 silly packumentCache full:https://registry.npmmirror.com/data-view-buffer cache-miss
1144 silly fetch manifest data-view-byte-length@^1.0.2
1145 silly packumentCache full:https://registry.npmmirror.com/data-view-byte-length cache-miss
1146 silly fetch manifest data-view-byte-offset@^1.0.1
1147 silly packumentCache full:https://registry.npmmirror.com/data-view-byte-offset cache-miss
1148 silly fetch manifest es-define-property@^1.0.1
1149 silly packumentCache full:https://registry.npmmirror.com/es-define-property cache-miss
1150 silly fetch manifest es-set-tostringtag@^2.1.0
1151 silly packumentCache full:https://registry.npmmirror.com/es-set-tostringtag cache-miss
1152 silly fetch manifest es-to-primitive@^1.3.0
1153 silly packumentCache full:https://registry.npmmirror.com/es-to-primitive cache-miss
1154 http fetch GET 200 https://registry.npmmirror.com/es-define-property 348ms (cache miss)
1155 silly packumentCache full:https://registry.npmmirror.com/es-define-property set size:2896 disposed:false
1156 silly fetch manifest function.prototype.name@^1.1.8
1157 silly packumentCache full:https://registry.npmmirror.com/function.prototype.name cache-miss
1158 http fetch GET 200 https://registry.npmmirror.com/call-bind-apply-helpers 352ms (cache miss)
1159 silly packumentCache full:https://registry.npmmirror.com/call-bind-apply-helpers set size:3532 disposed:false
1160 silly fetch manifest get-proto@^1.0.1
1161 silly packumentCache full:https://registry.npmmirror.com/get-proto cache-miss
1162 http fetch GET 200 https://registry.npmmirror.com/set-function-length 369ms (cache miss)
1163 silly packumentCache full:https://registry.npmmirror.com/set-function-length set size:5230 disposed:false
1164 silly fetch manifest get-symbol-description@^1.1.0
1165 silly packumentCache full:https://registry.npmmirror.com/get-symbol-description cache-miss
1166 http fetch GET 200 https://registry.npmmirror.com/define-data-property 380ms (cache miss)
1167 silly packumentCache full:https://registry.npmmirror.com/define-data-property set size:5602 disposed:false
1168 silly fetch manifest globalthis@^1.0.4
1169 silly packumentCache full:https://registry.npmmirror.com/globalthis cache-miss
1170 http fetch GET 200 https://registry.npmmirror.com/data-view-byte-offset 381ms (cache miss)
1171 silly packumentCache full:https://registry.npmmirror.com/data-view-byte-offset set size:3104 disposed:false
1172 silly fetch manifest gopd@^1.2.0
1173 silly packumentCache full:https://registry.npmmirror.com/gopd cache-miss
1174 http fetch GET 200 https://registry.npmmirror.com/data-view-buffer 392ms (cache miss)
1175 silly packumentCache full:https://registry.npmmirror.com/data-view-buffer set size:3448 disposed:false
1176 silly fetch manifest has-property-descriptors@^1.0.2
1177 silly packumentCache full:https://registry.npmmirror.com/has-property-descriptors cache-miss
1178 http fetch GET 200 https://registry.npmmirror.com/array-buffer-byte-length 393ms (cache miss)
1179 silly packumentCache full:https://registry.npmmirror.com/array-buffer-byte-length set size:4200 disposed:false
1180 silly fetch manifest has-proto@^1.2.0
1181 silly packumentCache full:https://registry.npmmirror.com/has-proto cache-miss
1182 http fetch GET 200 https://registry.npmmirror.com/has-property-descriptors 395ms (cache miss)
1183 silly packumentCache full:https://registry.npmmirror.com/has-property-descriptors set size:4037 disposed:false
1184 silly fetch manifest has-symbols@^1.1.0
1185 silly packumentCache full:https://registry.npmmirror.com/has-symbols cache-miss
1186 http fetch GET 200 https://registry.npmmirror.com/data-view-byte-length 397ms (cache miss)
1187 silly packumentCache full:https://registry.npmmirror.com/data-view-byte-length set size:3508 disposed:false
1188 silly fetch manifest internal-slot@^1.1.0
1189 silly packumentCache full:https://registry.npmmirror.com/internal-slot cache-miss
1190 http fetch GET 200 https://registry.npmmirror.com/available-typed-arrays 398ms (cache miss)
1191 silly packumentCache full:https://registry.npmmirror.com/available-typed-arrays set size:4997 disposed:false
1192 silly fetch manifest is-array-buffer@^3.0.5
1193 silly packumentCache full:https://registry.npmmirror.com/is-array-buffer cache-miss
1194 http fetch GET 200 https://registry.npmmirror.com/es-to-primitive 409ms (cache miss)
1195 silly packumentCache full:https://registry.npmmirror.com/es-to-primitive set size:7118 disposed:false
1196 silly fetch manifest is-callable@^1.2.7
1197 silly packumentCache full:https://registry.npmmirror.com/is-callable cache-miss
1198 http fetch GET 200 https://registry.npmmirror.com/es-set-tostringtag 440ms (cache miss)
1199 silly packumentCache full:https://registry.npmmirror.com/es-set-tostringtag set size:6558 disposed:false
1200 silly fetch manifest is-data-view@^1.0.2
1201 silly packumentCache full:https://registry.npmmirror.com/is-data-view cache-miss
1202 http fetch GET 200 https://registry.npmmirror.com/arraybuffer.prototype.slice 466ms (cache miss)
1203 silly packumentCache full:https://registry.npmmirror.com/arraybuffer.prototype.slice set size:4650 disposed:false
1204 silly fetch manifest is-negative-zero@^2.0.3
1205 silly packumentCache full:https://registry.npmmirror.com/is-negative-zero cache-miss
1206 http cache https://registry.npmmirror.com/has-property-descriptors 76ms (cache hit)
1207 silly packumentCache full:https://registry.npmmirror.com/has-property-descriptors set size:12803 disposed:false
1208 silly packumentCache full:https://registry.npmmirror.com/has-property-descriptors dispose
1209 silly fetch manifest is-regex@^1.2.1
1210 silly packumentCache full:https://registry.npmmirror.com/is-regex cache-miss
1211 http fetch GET 200 https://registry.npmmirror.com/call-bind-apply-helpers 475ms (cache miss)
1212 silly packumentCache full:https://registry.npmmirror.com/call-bind-apply-helpers set size:3532 disposed:false
1213 silly packumentCache full:https://registry.npmmirror.com/call-bind-apply-helpers dispose
1214 silly fetch manifest is-set@^2.0.3
1215 silly packumentCache full:https://registry.npmmirror.com/is-set cache-miss
1216 http fetch GET 200 https://registry.npmmirror.com/es-define-property 480ms (cache miss)
1217 silly packumentCache full:https://registry.npmmirror.com/es-define-property set size:2896 disposed:false
1218 silly packumentCache full:https://registry.npmmirror.com/es-define-property dispose
1219 silly fetch manifest is-shared-array-buffer@^1.0.4
1220 silly packumentCache full:https://registry.npmmirror.com/is-shared-array-buffer cache-miss
1221 http fetch GET 200 https://registry.npmmirror.com/function.prototype.name 296ms (cache miss)
1222 silly packumentCache full:https://registry.npmmirror.com/function.prototype.name set size:9022 disposed:false
1223 silly fetch manifest is-typed-array@^1.1.15
1224 silly packumentCache full:https://registry.npmmirror.com/is-typed-array cache-miss
1225 http fetch GET 200 https://registry.npmmirror.com/get-proto 298ms (cache miss)
1226 silly packumentCache full:https://registry.npmmirror.com/get-proto set size:2799 disposed:false
1227 silly fetch manifest is-weakref@^1.1.1
1228 silly packumentCache full:https://registry.npmmirror.com/is-weakref cache-miss
1229 http fetch GET 200 https://registry.npmmirror.com/get-symbol-description 298ms (cache miss)
1230 silly packumentCache full:https://registry.npmmirror.com/get-symbol-description set size:3815 disposed:false
1231 silly fetch manifest object-inspect@^1.13.4
1232 silly packumentCache full:https://registry.npmmirror.com/object-inspect cache-miss
1233 http fetch GET 200 https://registry.npmmirror.com/globalthis 302ms (cache miss)
1234 silly packumentCache full:https://registry.npmmirror.com/globalthis set size:5549 disposed:false
1235 silly fetch manifest object.assign@^4.1.7
1236 silly packumentCache full:https://registry.npmmirror.com/object.assign cache-miss
1237 http fetch GET 200 https://registry.npmmirror.com/gopd 311ms (cache miss)
1238 silly packumentCache full:https://registry.npmmirror.com/gopd set size:3962 disposed:false
1239 silly fetch manifest own-keys@^1.0.1
1240 silly packumentCache full:https://registry.npmmirror.com/own-keys cache-miss
1241 http fetch GET 200 https://registry.npmmirror.com/internal-slot 302ms (cache miss)
1242 silly packumentCache full:https://registry.npmmirror.com/internal-slot set size:7080 disposed:false
1243 silly fetch manifest regexp.prototype.flags@^1.5.4
1244 silly packumentCache full:https://registry.npmmirror.com/regexp.prototype.flags cache-miss
1245 http fetch GET 200 https://registry.npmmirror.com/is-array-buffer 334ms (cache miss)
1246 silly packumentCache full:https://registry.npmmirror.com/is-array-buffer set size:9151 disposed:false
1247 silly fetch manifest safe-array-concat@^1.1.3
1248 silly packumentCache full:https://registry.npmmirror.com/safe-array-concat cache-miss
1249 http fetch GET 200 https://registry.npmmirror.com/is-callable 340ms (cache miss)
1250 silly packumentCache full:https://registry.npmmirror.com/is-callable set size:12207 disposed:false
1251 silly fetch manifest safe-push-apply@^1.0.0
1252 silly packumentCache full:https://registry.npmmirror.com/safe-push-apply cache-miss
1253 http fetch GET 200 https://registry.npmmirror.com/has-symbols 359ms (cache miss)
1254 silly packumentCache full:https://registry.npmmirror.com/has-symbols set size:5325 disposed:false
1255 silly fetch manifest safe-regex-test@^1.1.0
1256 silly packumentCache full:https://registry.npmmirror.com/safe-regex-test cache-hit
1257 silly fetch manifest set-proto@^1.0.0
1258 silly packumentCache full:https://registry.npmmirror.com/set-proto cache-miss
1259 http fetch GET 200 https://registry.npmmirror.com/is-data-view 318ms (cache miss)
1260 silly packumentCache full:https://registry.npmmirror.com/is-data-view set size:3689 disposed:false
1261 silly fetch manifest stop-iteration-iterator@^1.1.0
1262 silly packumentCache full:https://registry.npmmirror.com/stop-iteration-iterator cache-miss
1263 http fetch GET 200 https://registry.npmmirror.com/has-proto 371ms (cache miss)
1264 silly packumentCache full:https://registry.npmmirror.com/has-proto set size:6029 disposed:false
1265 silly fetch manifest string.prototype.trim@^1.2.10
1266 silly packumentCache full:https://registry.npmmirror.com/string.prototype.trim cache-miss
1267 http fetch GET 200 https://registry.npmmirror.com/is-negative-zero 333ms (cache miss)
1268 silly packumentCache full:https://registry.npmmirror.com/is-negative-zero set size:5445 disposed:false
1269 silly fetch manifest string.prototype.trimstart@^1.0.8
1270 silly packumentCache full:https://registry.npmmirror.com/string.prototype.trimstart cache-miss
1271 http fetch GET 200 https://registry.npmmirror.com/is-regex 334ms (cache miss)
1272 silly packumentCache full:https://registry.npmmirror.com/is-regex set size:7442 disposed:false
1273 silly fetch manifest typed-array-buffer@^1.0.3
1274 silly packumentCache full:https://registry.npmmirror.com/typed-array-buffer cache-miss
1275 http fetch GET 200 https://registry.npmmirror.com/is-set 332ms (cache miss)
1276 silly packumentCache full:https://registry.npmmirror.com/is-set set size:4077 disposed:false
1277 silly fetch manifest typed-array-byte-length@^1.0.3
1278 silly packumentCache full:https://registry.npmmirror.com/typed-array-byte-length cache-miss
1279 http fetch GET 200 https://registry.npmmirror.com/is-shared-array-buffer 334ms (cache miss)
1280 silly packumentCache full:https://registry.npmmirror.com/is-shared-array-buffer set size:5014 disposed:false
1281 silly fetch manifest typed-array-byte-offset@^1.0.4
1282 silly packumentCache full:https://registry.npmmirror.com/typed-array-byte-offset cache-miss
1283 http fetch GET 200 https://registry.npmmirror.com/is-weakref 329ms (cache miss)
1284 silly packumentCache full:https://registry.npmmirror.com/is-weakref set size:4835 disposed:false
1285 silly fetch manifest typed-array-length@^1.0.7
1286 silly packumentCache full:https://registry.npmmirror.com/typed-array-length cache-miss
1287 http fetch GET 200 https://registry.npmmirror.com/is-typed-array 335ms (cache miss)
1288 silly packumentCache full:https://registry.npmmirror.com/is-typed-array set size:12988 disposed:false
1289 silly fetch manifest unbox-primitive@^1.1.0
1290 silly packumentCache full:https://registry.npmmirror.com/unbox-primitive cache-miss
1291 http fetch GET 200 https://registry.npmmirror.com/object-inspect 331ms (cache miss)
1292 silly packumentCache full:https://registry.npmmirror.com/object-inspect set size:19266 disposed:false
1293 silly fetch manifest which-typed-array@^1.1.19
1294 silly packumentCache full:https://registry.npmmirror.com/which-typed-array cache-miss
1295 http fetch GET 200 https://registry.npmmirror.com/own-keys 333ms (cache miss)
1296 silly packumentCache full:https://registry.npmmirror.com/own-keys set size:3628 disposed:false
1297 silly fetch manifest has-tostringtag@^1.0.2
1298 silly packumentCache full:https://registry.npmmirror.com/has-tostringtag cache-miss
1299 http fetch GET 200 https://registry.npmmirror.com/regexp.prototype.flags 329ms (cache miss)
1300 silly packumentCache full:https://registry.npmmirror.com/regexp.prototype.flags set size:13352 disposed:false
1301 http fetch GET 200 https://registry.npmmirror.com/object.assign 362ms (cache miss)
1302 silly packumentCache full:https://registry.npmmirror.com/object.assign set size:15538 disposed:false
1303 http fetch GET 200 https://registry.npmmirror.com/safe-array-concat 317ms (cache miss)
1304 silly packumentCache full:https://registry.npmmirror.com/safe-array-concat set size:6218 disposed:false
1305 http fetch GET 200 https://registry.npmmirror.com/set-proto 339ms (cache miss)
1306 silly packumentCache full:https://registry.npmmirror.com/set-proto set size:2390 disposed:false
1307 http fetch GET 200 https://registry.npmmirror.com/string.prototype.trim 329ms (cache miss)
1308 silly packumentCache full:https://registry.npmmirror.com/string.prototype.trim set size:10584 disposed:false
1309 http fetch GET 200 https://registry.npmmirror.com/stop-iteration-iterator 334ms (cache miss)
1310 silly packumentCache full:https://registry.npmmirror.com/stop-iteration-iterator set size:3567 disposed:false
1311 http fetch GET 200 https://registry.npmmirror.com/safe-push-apply 345ms (cache miss)
1312 silly packumentCache full:https://registry.npmmirror.com/safe-push-apply set size:2489 disposed:false
1313 http fetch GET 200 https://registry.npmmirror.com/typed-array-buffer 313ms (cache miss)
1314 silly packumentCache full:https://registry.npmmirror.com/typed-array-buffer set size:3861 disposed:false
1315 http fetch GET 200 https://registry.npmmirror.com/typed-array-byte-length 310ms (cache miss)
1316 silly packumentCache full:https://registry.npmmirror.com/typed-array-byte-length set size:4248 disposed:false
1317 http fetch GET 200 https://registry.npmmirror.com/string.prototype.trimstart 333ms (cache miss)
1318 silly packumentCache full:https://registry.npmmirror.com/string.prototype.trimstart set size:7822 disposed:false
1319 http fetch GET 200 https://registry.npmmirror.com/typed-array-byte-offset 330ms (cache miss)
1320 silly packumentCache full:https://registry.npmmirror.com/typed-array-byte-offset set size:4744 disposed:false
1321 http fetch GET 200 https://registry.npmmirror.com/typed-array-length 331ms (cache miss)
1322 silly packumentCache full:https://registry.npmmirror.com/typed-array-length set size:9352 disposed:false
1323 http fetch GET 200 https://registry.npmmirror.com/which-typed-array 315ms (cache miss)
1324 silly packumentCache full:https://registry.npmmirror.com/which-typed-array set size:15659 disposed:false
1325 http fetch GET 200 https://registry.npmmirror.com/has-tostringtag 314ms (cache miss)
1326 silly packumentCache full:https://registry.npmmirror.com/has-tostringtag set size:3448 disposed:false
1327 http fetch GET 200 https://registry.npmmirror.com/unbox-primitive 1087ms (cache miss)
1328 silly packumentCache full:https://registry.npmmirror.com/unbox-primitive set size:4660 disposed:false
1329 silly placeDep ROOT es-errors@1.3.0 OK for: array.prototype.findlastindex@1.2.6 want: ^1.3.0
1330 silly placeDep ROOT es-shim-unscopables@1.1.0 OK for: array.prototype.findlastindex@1.2.6 want: ^1.1.0
1331 silly placeDep ROOT call-bind-apply-helpers@1.0.2 OK for: call-bind@1.0.9 want: ^1.0.2
1332 silly placeDep ROOT es-define-property@1.0.1 OK for: call-bind@1.0.9 want: ^1.0.1
1333 silly placeDep ROOT set-function-length@1.2.2 OK for: call-bind@1.0.9 want: ^1.2.2
1334 silly fetch manifest define-data-property@^1.1.4
1335 silly packumentCache full:https://registry.npmmirror.com/define-data-property cache-hit
1336 silly fetch manifest gopd@^1.0.1
1337 silly packumentCache full:https://registry.npmmirror.com/gopd cache-hit
1338 silly placeDep ROOT function-bind@1.1.2 OK for: call-bind-apply-helpers@1.0.2 want: ^1.1.2
1339 silly placeDep ROOT define-data-property@1.1.4 OK for: define-properties@1.2.1 want: ^1.0.1
1340 silly placeDep ROOT has-property-descriptors@1.0.2 OK for: define-properties@1.2.1 want: ^1.0.0
1341 silly placeDep ROOT object-keys@1.1.1 OK for: define-properties@1.2.1 want: ^1.1.1
1342 silly placeDep ROOT gopd@1.2.0 OK for: define-data-property@1.1.4 want: ^1.0.1
1343 silly placeDep ROOT array-buffer-byte-length@1.0.2 OK for: es-abstract@1.24.2 want: ^1.0.2
1344 silly placeDep ROOT arraybuffer.prototype.slice@1.0.4 OK for: es-abstract@1.24.2 want: ^1.0.4
1345 silly placeDep ROOT available-typed-arrays@1.0.7 OK for: es-abstract@1.24.2 want: ^1.0.7
1346 silly placeDep ROOT data-view-buffer@1.0.2 OK for: es-abstract@1.24.2 want: ^1.0.2
1347 silly placeDep ROOT data-view-byte-length@1.0.2 OK for: es-abstract@1.24.2 want: ^1.0.2
1348 silly placeDep ROOT data-view-byte-offset@1.0.1 OK for: es-abstract@1.24.2 want: ^1.0.1
1349 silly placeDep ROOT es-set-tostringtag@2.1.0 OK for: es-abstract@1.24.2 want: ^2.1.0
1350 silly placeDep ROOT es-to-primitive@1.3.4 OK for: es-abstract@1.24.2 want: ^1.3.0
1351 silly placeDep ROOT function.prototype.name@1.2.0 OK for: es-abstract@1.24.2 want: ^1.1.8
1352 silly placeDep ROOT get-proto@1.0.1 OK for: es-abstract@1.24.2 want: ^1.0.1
1353 silly placeDep ROOT get-symbol-description@1.1.0 OK for: es-abstract@1.24.2 want: ^1.1.0
1354 silly placeDep ROOT globalthis@1.0.4 OK for: es-abstract@1.24.2 want: ^1.0.4
1355 silly placeDep ROOT has-proto@1.2.0 OK for: es-abstract@1.24.2 want: ^1.2.0
1356 silly placeDep ROOT has-symbols@1.1.0 OK for: es-abstract@1.24.2 want: ^1.1.0
1357 silly placeDep ROOT internal-slot@1.1.0 OK for: es-abstract@1.24.2 want: ^1.1.0
1358 silly placeDep ROOT is-array-buffer@3.0.5 OK for: es-abstract@1.24.2 want: ^3.0.5
1359 silly placeDep ROOT is-callable@1.2.7 OK for: es-abstract@1.24.2 want: ^1.2.7
1360 silly placeDep ROOT is-data-view@1.0.2 OK for: es-abstract@1.24.2 want: ^1.0.2
1361 silly placeDep ROOT is-negative-zero@2.0.3 OK for: es-abstract@1.24.2 want: ^2.0.3
1362 silly placeDep ROOT is-regex@1.2.1 OK for: es-abstract@1.24.2 want: ^1.2.1
1363 silly placeDep ROOT is-set@2.0.3 OK for: es-abstract@1.24.2 want: ^2.0.3
1364 silly placeDep ROOT is-shared-array-buffer@1.0.4 OK for: es-abstract@1.24.2 want: ^1.0.4
1365 silly placeDep ROOT is-typed-array@1.1.15 OK for: es-abstract@1.24.2 want: ^1.1.15
1366 silly placeDep ROOT is-weakref@1.1.1 OK for: es-abstract@1.24.2 want: ^1.1.1
1367 silly placeDep ROOT object-inspect@1.13.4 OK for: es-abstract@1.24.2 want: ^1.13.4
1368 silly placeDep ROOT object.assign@4.1.7 OK for: es-abstract@1.24.2 want: ^4.1.7
1369 silly placeDep ROOT own-keys@1.0.2 OK for: es-abstract@1.24.2 want: ^1.0.1
1370 silly placeDep ROOT regexp.prototype.flags@1.5.4 OK for: es-abstract@1.24.2 want: ^1.5.4
1371 silly placeDep ROOT safe-array-concat@1.1.4 OK for: es-abstract@1.24.2 want: ^1.1.3
1372 silly placeDep ROOT safe-push-apply@1.0.0 OK for: es-abstract@1.24.2 want: ^1.0.0
1373 silly placeDep ROOT safe-regex-test@1.1.0 OK for: es-abstract@1.24.2 want: ^1.1.0
1374 silly placeDep ROOT set-proto@1.0.0 OK for: es-abstract@1.24.2 want: ^1.0.0
1375 silly placeDep ROOT stop-iteration-iterator@1.1.0 OK for: es-abstract@1.24.2 want: ^1.1.0
1376 silly placeDep ROOT string.prototype.trim@1.2.11 OK for: es-abstract@1.24.2 want: ^1.2.10
1377 silly placeDep ROOT string.prototype.trimstart@1.0.8 OK for: es-abstract@1.24.2 want: ^1.0.8
1378 silly placeDep ROOT typed-array-buffer@1.0.3 OK for: es-abstract@1.24.2 want: ^1.0.3
1379 silly placeDep ROOT typed-array-byte-length@1.0.3 OK for: es-abstract@1.24.2 want: ^1.0.3
1380 silly placeDep ROOT typed-array-byte-offset@1.0.4 OK for: es-abstract@1.24.2 want: ^1.0.4
1381 silly placeDep ROOT typed-array-length@1.0.8 OK for: es-abstract@1.24.2 want: ^1.0.7
1382 silly placeDep ROOT unbox-primitive@1.1.0 OK for: es-abstract@1.24.2 want: ^1.1.0
1383 silly placeDep ROOT which-typed-array@1.1.22 OK for: es-abstract@1.24.2 want: ^1.1.19
1384 silly fetch manifest is-array-buffer@^3.0.4
1385 silly packumentCache full:https://registry.npmmirror.com/is-array-buffer cache-hit
1386 silly fetch manifest possible-typed-array-names@^1.0.0
1387 silly packumentCache full:https://registry.npmmirror.com/possible-typed-array-names cache-miss
1388 silly fetch manifest is-data-view@^1.0.1
1389 silly packumentCache full:https://registry.npmmirror.com/is-data-view cache-hit
1390 silly fetch manifest is-symbol@^1.1.1
1391 silly packumentCache full:https://registry.npmmirror.com/is-symbol cache-miss
1392 silly fetch manifest is-date-object@^1.1.0
1393 silly packumentCache full:https://registry.npmmirror.com/is-date-object cache-miss
1394 silly fetch manifest es-abstract-get@^1.0.0
1395 silly packumentCache full:https://registry.npmmirror.com/es-abstract-get cache-miss
1396 silly fetch manifest is-document.all@^1.0.0
1397 silly packumentCache full:https://registry.npmmirror.com/is-document.all cache-miss
1398 silly fetch manifest functions-have-names@^1.2.3
1399 silly packumentCache full:https://registry.npmmirror.com/functions-have-names cache-miss
1400 silly fetch manifest dunder-proto@^1.0.1
1401 silly packumentCache full:https://registry.npmmirror.com/dunder-proto cache-miss
1402 silly fetch manifest dunder-proto@^1.0.0
1403 silly packumentCache full:https://registry.npmmirror.com/dunder-proto cache-miss
1404 silly fetch manifest side-channel@^1.1.0
1405 silly packumentCache full:https://registry.npmmirror.com/side-channel cache-miss
1406 silly fetch manifest is-typed-array@^1.1.13
1407 silly packumentCache full:https://registry.npmmirror.com/is-typed-array cache-hit
1408 silly fetch manifest which-typed-array@^1.1.16
1409 silly packumentCache full:https://registry.npmmirror.com/which-typed-array cache-hit
1410 silly fetch manifest set-function-name@^2.0.2
1411 silly packumentCache full:https://registry.npmmirror.com/set-function-name cache-miss
1412 silly fetch manifest isarray@^2.0.5
1413 silly packumentCache full:https://registry.npmmirror.com/isarray cache-miss
1414 silly fetch manifest isarray@^2.0.5
1415 silly packumentCache full:https://registry.npmmirror.com/isarray cache-miss
1416 silly fetch manifest dunder-proto@^1.0.1
1417 silly packumentCache full:https://registry.npmmirror.com/dunder-proto cache-miss
1418 silly fetch manifest for-each@^0.3.3
1419 silly packumentCache full:https://registry.npmmirror.com/for-each cache-miss
1420 silly fetch manifest for-each@^0.3.3
1421 silly packumentCache full:https://registry.npmmirror.com/for-each cache-miss
1422 http fetch GET 200 https://registry.npmmirror.com/isarray 66ms (cache miss)
1423 silly packumentCache full:https://registry.npmmirror.com/isarray set size:3703 disposed:false
1424 silly fetch manifest reflect.getprototypeof@^1.0.9
1425 silly packumentCache full:https://registry.npmmirror.com/reflect.getprototypeof cache-miss
1426 http fetch GET 200 https://registry.npmmirror.com/isarray 118ms (cache miss)
1427 silly packumentCache full:https://registry.npmmirror.com/isarray set size:3703 disposed:false
1428 silly packumentCache full:https://registry.npmmirror.com/isarray dispose
1429 silly fetch manifest for-each@^0.3.5
1430 silly packumentCache full:https://registry.npmmirror.com/for-each cache-miss
1431 http fetch GET 200 https://registry.npmmirror.com/is-document.all 505ms (cache miss)
1432 silly packumentCache full:https://registry.npmmirror.com/is-document.all set size:2305 disposed:false
1433 silly fetch manifest possible-typed-array-names@^1.1.0
1434 silly packumentCache full:https://registry.npmmirror.com/possible-typed-array-names cache-miss
1435 http fetch GET 200 https://registry.npmmirror.com/set-function-name 505ms (cache miss)
1436 silly packumentCache full:https://registry.npmmirror.com/set-function-name set size:3915 disposed:false
1437 silly fetch manifest reflect.getprototypeof@^1.0.10
1438 silly packumentCache full:https://registry.npmmirror.com/reflect.getprototypeof cache-miss
1439 http fetch GET 200 https://registry.npmmirror.com/for-each 388ms (cache miss)
1440 silly packumentCache full:https://registry.npmmirror.com/for-each set size:3759 disposed:false
1441 silly fetch manifest has-bigints@^1.0.2
1442 silly packumentCache full:https://registry.npmmirror.com/has-bigints cache-miss
1443 http fetch GET 200 https://registry.npmmirror.com/es-abstract-get 512ms (cache miss)
1444 silly packumentCache full:https://registry.npmmirror.com/es-abstract-get set size:3084 disposed:false
1445 silly fetch manifest which-boxed-primitive@^1.1.1
1446 silly packumentCache full:https://registry.npmmirror.com/which-boxed-primitive cache-miss
1447 http fetch GET 200 https://registry.npmmirror.com/side-channel 512ms (cache miss)
1448 silly packumentCache full:https://registry.npmmirror.com/side-channel set size:5472 disposed:false
1449 http fetch GET 200 https://registry.npmmirror.com/dunder-proto 514ms (cache miss)
1450 silly packumentCache full:https://registry.npmmirror.com/dunder-proto set size:2798 disposed:false
1451 http fetch GET 200 https://registry.npmmirror.com/is-symbol 519ms (cache miss)
1452 silly packumentCache full:https://registry.npmmirror.com/is-symbol set size:5011 disposed:false
1453 http fetch GET 200 https://registry.npmmirror.com/for-each 516ms (cache miss)
1454 silly packumentCache full:https://registry.npmmirror.com/for-each set size:3759 disposed:false
1455 silly packumentCache full:https://registry.npmmirror.com/for-each dispose
1456 http fetch GET 200 https://registry.npmmirror.com/functions-have-names 520ms (cache miss)
1457 silly packumentCache full:https://registry.npmmirror.com/functions-have-names set size:4797 disposed:false
1458 http fetch GET 200 https://registry.npmmirror.com/is-date-object 521ms (cache miss)
1459 silly packumentCache full:https://registry.npmmirror.com/is-date-object set size:5039 disposed:false
1460 http fetch GET 200 https://registry.npmmirror.com/for-each 518ms (cache miss)
1461 silly packumentCache full:https://registry.npmmirror.com/for-each set size:3759 disposed:true
1462 silly packumentCache full:https://registry.npmmirror.com/for-each dispose
1463 http fetch GET 200 https://registry.npmmirror.com/dunder-proto 520ms (cache miss)
1464 silly packumentCache full:https://registry.npmmirror.com/dunder-proto set size:2798 disposed:false
1465 silly packumentCache full:https://registry.npmmirror.com/dunder-proto dispose
1466 http fetch GET 200 https://registry.npmmirror.com/reflect.getprototypeof 457ms (cache miss)
1467 silly packumentCache full:https://registry.npmmirror.com/reflect.getprototypeof set size:8240 disposed:false
1468 http fetch GET 200 https://registry.npmmirror.com/dunder-proto 569ms (cache miss)
1469 silly packumentCache full:https://registry.npmmirror.com/dunder-proto set size:2798 disposed:true
1470 silly packumentCache full:https://registry.npmmirror.com/dunder-proto dispose
1471 http fetch GET 200 https://registry.npmmirror.com/reflect.getprototypeof 158ms (cache miss)
1472 silly packumentCache full:https://registry.npmmirror.com/reflect.getprototypeof set size:8240 disposed:false
1473 silly packumentCache full:https://registry.npmmirror.com/reflect.getprototypeof dispose
1474 http fetch GET 200 https://registry.npmmirror.com/has-bigints 360ms (cache miss)
1475 silly packumentCache full:https://registry.npmmirror.com/has-bigints set size:4240 disposed:false
1476 http fetch GET 200 https://registry.npmmirror.com/which-boxed-primitive 360ms (cache miss)
1477 silly packumentCache full:https://registry.npmmirror.com/which-boxed-primitive set size:4261 disposed:false
1478 http fetch GET 200 https://registry.npmmirror.com/possible-typed-array-names 588ms (cache miss)
1479 silly packumentCache full:https://registry.npmmirror.com/possible-typed-array-names set size:3063 disposed:false
1480 http fetch GET 200 https://registry.npmmirror.com/possible-typed-array-names 1124ms (cache miss)
1481 silly packumentCache full:https://registry.npmmirror.com/possible-typed-array-names set size:3063 disposed:false
1482 silly packumentCache full:https://registry.npmmirror.com/possible-typed-array-names dispose
1483 silly placeDep ROOT possible-typed-array-names@1.1.0 OK for: available-typed-arrays@1.0.7 want: ^1.0.0
1484 silly placeDep ROOT has-tostringtag@1.0.2 OK for: es-set-tostringtag@2.1.0 want: ^1.0.2
1485 silly placeDep ROOT es-abstract-get@1.0.0 OK for: es-to-primitive@1.3.4 want: ^1.0.0
1486 silly placeDep ROOT is-date-object@1.1.0 OK for: es-to-primitive@1.3.4 want: ^1.1.0
1487 silly placeDep ROOT is-symbol@1.1.1 OK for: es-to-primitive@1.3.4 want: ^1.1.1
1488 silly placeDep node_modules/eslint-module-utils debug@3.2.7 OK for: eslint-module-utils@2.14.0 want: ^3.2.7
1489 silly placeDep ROOT aria-query@5.3.2 OK for: eslint-plugin-jsx-a11y@6.10.2 want: ^5.3.2
1490 silly placeDep ROOT ast-types-flow@0.0.8 OK for: eslint-plugin-jsx-a11y@6.10.2 want: ^0.0.8
1491 silly placeDep ROOT axe-core@4.13.0 OK for: eslint-plugin-jsx-a11y@6.10.2 want: ^4.10.0
1492 silly placeDep ROOT axobject-query@4.1.0 OK for: eslint-plugin-jsx-a11y@6.10.2 want: ^4.1.0
1493 silly placeDep ROOT damerau-levenshtein@1.0.8 OK for: eslint-plugin-jsx-a11y@6.10.2 want: ^1.0.8
1494 silly placeDep ROOT emoji-regex@9.2.2 OK for: eslint-plugin-jsx-a11y@6.10.2 want: ^9.2.2
1495 silly placeDep ROOT jsx-ast-utils@3.3.5 OK for: eslint-plugin-jsx-a11y@6.10.2 want: ^3.3.5
1496 silly placeDep ROOT language-tags@1.0.9 OK for: eslint-plugin-jsx-a11y@6.10.2 want: ^1.0.9
1497 silly placeDep ROOT string.prototype.includes@2.0.1 OK for: eslint-plugin-jsx-a11y@6.10.2 want: ^2.0.1
1498 silly fetch manifest language-subtag-registry@^0.3.20
1499 silly packumentCache full:https://registry.npmmirror.com/language-subtag-registry cache-miss
1500 http fetch GET 200 https://registry.npmmirror.com/language-subtag-registry 353ms (cache miss)
1501 silly packumentCache full:https://registry.npmmirror.com/language-subtag-registry set size:9593 disposed:false
1502 silly placeDep ROOT array.prototype.findlast@1.2.5 OK for: eslint-plugin-react@7.37.5 want: ^1.2.5
1503 silly placeDep ROOT array.prototype.tosorted@1.1.4 OK for: eslint-plugin-react@7.37.5 want: ^1.1.4
1504 silly placeDep ROOT es-iterator-helpers@1.4.0 OK for: eslint-plugin-react@7.37.5 want: ^1.2.1
1505 silly placeDep ROOT estraverse@5.3.0 OK for: eslint-plugin-react@7.37.5 want: ^5.3.0
1506 silly placeDep ROOT object.entries@1.1.9 OK for: eslint-plugin-react@7.37.5 want: ^1.1.9
1507 silly placeDep ROOT prop-types@15.8.1 OK for: eslint-plugin-react@7.37.5 want: ^15.8.1
1508 silly placeDep node_modules/eslint-plugin-react semver@6.3.1 OK for: eslint-plugin-react@7.37.5 want: ^6.3.1
1509 silly placeDep ROOT string.prototype.matchall@4.0.12 OK for: eslint-plugin-react@7.37.5 want: ^4.0.12
1510 silly placeDep ROOT string.prototype.repeat@1.0.0 OK for: eslint-plugin-react@7.37.5 want: ^1.0.0
1511 silly fetch manifest iterator.prototype@^1.1.5
1512 silly packumentCache full:https://registry.npmmirror.com/iterator.prototype cache-miss
1513 silly fetch manifest loose-envify@^1.4.0
1514 silly packumentCache full:https://registry.npmmirror.com/loose-envify cache-miss
1515 silly fetch manifest object-assign@^4.1.1
1516 silly packumentCache full:https://registry.npmmirror.com/object-assign cache-miss
1517 silly fetch manifest react-is@^16.13.1
1518 silly packumentCache full:https://registry.npmmirror.com/react-is cache-miss
1519 http fetch GET 200 https://registry.npmmirror.com/object-assign 476ms (cache miss)
1520 silly packumentCache full:https://registry.npmmirror.com/object-assign set size:5509 disposed:false
1521 http fetch GET 200 https://registry.npmmirror.com/loose-envify 480ms (cache miss)
1522 silly packumentCache full:https://registry.npmmirror.com/loose-envify set size:2934 disposed:false
1523 http fetch GET 200 https://registry.npmmirror.com/iterator.prototype 497ms (cache miss)
1524 silly packumentCache full:https://registry.npmmirror.com/iterator.prototype set size:6949 disposed:false
1525 http fetch GET 200 https://registry.npmmirror.com/react-is 636ms (cache miss)
1526 silly packumentCache full:https://registry.npmmirror.com/react-is set size:1173573 disposed:false
1527 silly placeDep ROOT iterator.prototype@1.1.5 OK for: es-iterator-helpers@1.4.0 want: ^1.1.5
1528 silly placeDep ROOT esrecurse@4.3.0 OK for: eslint-scope@8.4.0 want: ^4.3.0
1529 silly placeDep ROOT acorn@8.18.0 OK for: espree@10.4.0 want: ^8.15.0
1530 silly placeDep ROOT acorn-jsx@5.3.2 OK for: espree@10.4.0 want: ^5.3.2
1531 silly placeDep ROOT @nodelib/fs.stat@2.0.5 OK for: fast-glob@3.3.1 want: ^2.0.2
1532 silly placeDep ROOT @nodelib/fs.walk@1.2.8 OK for: fast-glob@3.3.1 want: ^1.2.3
1533 silly placeDep node_modules/fast-glob glob-parent@5.1.2 OK for: fast-glob@3.3.1 want: ^5.1.2
1534 silly placeDep ROOT merge2@1.4.1 OK for: fast-glob@3.3.1 want: ^1.3.0
1535 silly placeDep ROOT micromatch@4.0.8 OK for: fast-glob@3.3.1 want: ^4.0.4
1536 silly fetch manifest @nodelib/fs.scandir@2.1.5
1537 silly packumentCache full:https://registry.npmmirror.com/@nodelib%2ffs.scandir cache-miss
1538 silly fetch manifest fastq@^1.6.0
1539 silly packumentCache full:https://registry.npmmirror.com/fastq cache-miss
1540 silly fetch manifest braces@^3.0.3
1541 silly packumentCache full:https://registry.npmmirror.com/braces cache-miss
1542 silly fetch manifest picomatch@^2.3.1
1543 silly packumentCache full:https://registry.npmmirror.com/picomatch cache-hit
1544 http fetch GET 200 https://registry.npmmirror.com/fastq 320ms (cache miss)
1545 silly packumentCache full:https://registry.npmmirror.com/fastq set size:15037 disposed:false
1546 http fetch GET 200 https://registry.npmmirror.com/@nodelib%2ffs.scandir 326ms (cache miss)
1547 silly packumentCache full:https://registry.npmmirror.com/@nodelib%2ffs.scandir set size:8538 disposed:false
1548 http fetch GET 200 https://registry.npmmirror.com/braces 326ms (cache miss)
1549 silly packumentCache full:https://registry.npmmirror.com/braces set size:22104 disposed:false
1550 silly placeDep ROOT @nodelib/fs.scandir@2.1.5 OK for: @nodelib/fs.walk@1.2.8 want: 2.1.5
1551 silly placeDep ROOT fastq@1.20.1 OK for: @nodelib/fs.walk@1.2.8 want: ^1.6.0
1552 silly fetch manifest run-parallel@^1.1.9
1553 silly packumentCache full:https://registry.npmmirror.com/run-parallel cache-miss
1554 silly fetch manifest reusify@^1.0.4
1555 silly packumentCache full:https://registry.npmmirror.com/reusify cache-miss
1556 http fetch GET 200 https://registry.npmmirror.com/reusify 318ms (cache miss)
1557 silly packumentCache full:https://registry.npmmirror.com/reusify set size:4443 disposed:false
1558 http fetch GET 200 https://registry.npmmirror.com/run-parallel 340ms (cache miss)
1559 silly packumentCache full:https://registry.npmmirror.com/run-parallel set size:6674 disposed:false
1560 silly placeDep ROOT run-parallel@1.2.0 OK for: @nodelib/fs.scandir@2.1.5 want: ^1.1.9
1561 silly fetch manifest queue-microtask@^1.2.2
1562 silly packumentCache full:https://registry.npmmirror.com/queue-microtask cache-miss
1563 http fetch GET 200 https://registry.npmmirror.com/queue-microtask 316ms (cache miss)
1564 silly packumentCache full:https://registry.npmmirror.com/queue-microtask set size:6139 disposed:false
1565 silly placeDep ROOT reusify@1.1.0 OK for: fastq@1.20.1 want: ^1.0.4
1566 silly placeDep ROOT flat-cache@4.0.1 OK for: file-entry-cache@8.0.0 want: ^4.0.0
1567 silly fetch manifest flatted@^3.2.9
1568 silly packumentCache full:https://registry.npmmirror.com/flatted cache-miss
1569 silly fetch manifest keyv@^4.5.4
1570 silly packumentCache full:https://registry.npmmirror.com/keyv cache-miss
1571 http fetch GET 200 https://registry.npmmirror.com/keyv 52ms (cache miss)
1572 silly packumentCache full:https://registry.npmmirror.com/keyv set size:57230 disposed:false
1573 http fetch GET 200 https://registry.npmmirror.com/flatted 356ms (cache miss)
1574 silly packumentCache full:https://registry.npmmirror.com/flatted set size:22099 disposed:false
1575 silly placeDep ROOT locate-path@6.0.0 OK for: find-up@5.0.0 want: ^6.0.0
1576 silly placeDep ROOT path-exists@4.0.0 OK for: find-up@5.0.0 want: ^4.0.0
1577 silly fetch manifest p-locate@^5.0.0
1578 silly packumentCache full:https://registry.npmmirror.com/p-locate cache-miss
1579 http fetch GET 200 https://registry.npmmirror.com/p-locate 334ms (cache miss)
1580 silly packumentCache full:https://registry.npmmirror.com/p-locate set size:4657 disposed:false
1581 silly placeDep ROOT flatted@3.4.4 OK for: flat-cache@4.0.1 want: ^3.2.9
1582 silly placeDep ROOT keyv@4.5.4 OK for: flat-cache@4.0.1 want: ^4.5.4
1583 silly fetch manifest json-buffer@3.0.1
1584 silly packumentCache full:https://registry.npmmirror.com/json-buffer cache-miss
1585 http fetch GET 200 https://registry.npmmirror.com/json-buffer 60ms (cache miss)
1586 silly packumentCache full:https://registry.npmmirror.com/json-buffer set size:4318 disposed:false
1587 silly placeDep ROOT functions-have-names@1.2.3 OK for: function.prototype.name@1.2.0 want: ^1.2.3
1588 silly placeDep ROOT is-document.all@1.0.0 OK for: function.prototype.name@1.2.0 want: ^1.0.0
1589 silly placeDep ROOT dunder-proto@1.0.1 OK for: get-proto@1.0.1 want: ^1.0.1
1590 silly placeDep ROOT resolve-pkg-maps@1.0.0 OK for: get-tsconfig@4.14.3 want: ^1.0.0
1591 silly placeDep ROOT parent-module@1.0.1 OK for: import-fresh@3.3.1 want: ^1.0.0
1592 silly placeDep ROOT resolve-from@4.0.0 OK for: import-fresh@3.3.1 want: ^4.0.0
1593 silly fetch manifest callsites@^3.0.0
1594 silly packumentCache full:https://registry.npmmirror.com/callsites cache-miss
1595 http fetch GET 200 https://registry.npmmirror.com/callsites 381ms (cache miss)
1596 silly packumentCache full:https://registry.npmmirror.com/callsites set size:4788 disposed:false
1597 silly placeDep ROOT side-channel@1.1.1 OK for: internal-slot@1.1.0 want: ^1.1.0
1598 silly fetch manifest side-channel-list@^1.0.1
1599 silly packumentCache full:https://registry.npmmirror.com/side-channel-list cache-miss
1600 silly fetch manifest side-channel-map@^1.0.1
1601 silly packumentCache full:https://registry.npmmirror.com/side-channel-map cache-miss
1602 silly fetch manifest side-channel-weakmap@^1.0.2
1603 silly packumentCache full:https://registry.npmmirror.com/side-channel-weakmap cache-miss
1604 http fetch GET 200 https://registry.npmmirror.com/side-channel-list 313ms (cache miss)
1605 silly packumentCache full:https://registry.npmmirror.com/side-channel-list set size:3117 disposed:false
1606 http fetch GET 200 https://registry.npmmirror.com/side-channel-weakmap 316ms (cache miss)
1607 silly packumentCache full:https://registry.npmmirror.com/side-channel-weakmap set size:3754 disposed:false
1608 http fetch GET 200 https://registry.npmmirror.com/side-channel-map 333ms (cache miss)
1609 silly packumentCache full:https://registry.npmmirror.com/side-channel-map set size:3039 disposed:false
1610 silly placeDep ROOT is-extglob@2.1.1 OK for: is-glob@4.0.3 want: ^2.1.1
1611 silly placeDep ROOT set-function-name@2.0.2 OK for: iterator.prototype@1.1.5 want: ^2.0.2
1612 silly placeDep ROOT argparse@2.0.1 OK for: js-yaml@4.3.1 want: ^2.0.1
1613 silly placeDep ROOT json-buffer@3.0.1 OK for: keyv@4.5.4 want: 3.0.1
1614 silly placeDep ROOT language-subtag-registry@0.3.23 OK for: language-tags@1.0.9 want: ^0.3.20
1615 silly placeDep ROOT prelude-ls@1.2.1 OK for: levn@0.4.1 want: ^1.2.1
1616 silly placeDep ROOT type-check@0.4.0 OK for: levn@0.4.1 want: ~0.4.0
1617 silly placeDep ROOT p-locate@5.0.0 OK for: locate-path@6.0.0 want: ^5.0.0
1618 silly fetch manifest p-limit@^3.0.2
1619 silly packumentCache full:https://registry.npmmirror.com/p-limit cache-miss
1620 http fetch GET 200 https://registry.npmmirror.com/p-limit 325ms (cache miss)
1621 silly packumentCache full:https://registry.npmmirror.com/p-limit set size:11324 disposed:false
1622 silly placeDep ROOT braces@3.0.3 OK for: micromatch@4.0.8 want: ^3.0.3
1623 silly placeDep ROOT picomatch@2.3.2 OK for: micromatch@4.0.8 want: ^2.3.1
1624 silly fetch manifest fill-range@^7.1.1
1625 silly packumentCache full:https://registry.npmmirror.com/fill-range cache-miss
1626 http fetch GET 200 https://registry.npmmirror.com/fill-range 305ms (cache miss)
1627 silly packumentCache full:https://registry.npmmirror.com/fill-range set size:14245 disposed:false
1628 silly placeDep ROOT fill-range@7.1.1 OK for: braces@3.0.3 want: ^7.1.1
1629 silly fetch manifest to-regex-range@^5.0.1
1630 silly packumentCache full:https://registry.npmmirror.com/to-regex-range cache-miss
1631 http fetch GET 200 https://registry.npmmirror.com/to-regex-range 306ms (cache miss)
1632 silly packumentCache full:https://registry.npmmirror.com/to-regex-range set size:11477 disposed:false
1633 silly placeDep ROOT to-regex-range@5.0.1 OK for: fill-range@7.1.1 want: ^5.0.1
1634 silly fetch manifest is-number@^7.0.0
1635 silly packumentCache full:https://registry.npmmirror.com/is-number cache-miss
1636 http fetch GET 200 https://registry.npmmirror.com/is-number 325ms (cache miss)
1637 silly packumentCache full:https://registry.npmmirror.com/is-number set size:7889 disposed:false
1638 silly placeDep ROOT brace-expansion@1.1.18 OK for: minimatch@3.1.5 want: ^1.1.7
1639 silly fetch manifest concat-map@0.0.1
1640 silly packumentCache full:https://registry.npmmirror.com/concat-map cache-miss
1641 silly fetch manifest balanced-match@^1.0.0
1642 silly packumentCache full:https://registry.npmmirror.com/balanced-match cache-miss
1643 http fetch GET 200 https://registry.npmmirror.com/concat-map 327ms (cache miss)
1644 silly packumentCache full:https://registry.npmmirror.com/concat-map set size:3991 disposed:false
1645 http fetch GET 200 https://registry.npmmirror.com/balanced-match 328ms (cache miss)
1646 silly packumentCache full:https://registry.npmmirror.com/balanced-match set size:7522 disposed:false
1647 silly placeDep ROOT balanced-match@1.0.2 OK for: brace-expansion@1.1.18 want: ^1.0.0
1648 silly placeDep ROOT concat-map@0.0.1 OK for: brace-expansion@1.1.18 want: 0.0.1
1649 silly placeDep ROOT @next/env@15.5.23 OK for: next@15.5.23 want: 15.5.23
1650 silly placeDep ROOT @next/swc-darwin-arm64@15.5.23 OK for: next@15.5.23 want: 15.5.23
1651 silly placeDep ROOT @next/swc-darwin-x64@15.5.23 OK for: next@15.5.23 want: 15.5.23
1652 silly placeDep ROOT @next/swc-linux-arm64-gnu@15.5.23 OK for: next@15.5.23 want: 15.5.23
1653 silly placeDep ROOT @next/swc-linux-arm64-musl@15.5.23 OK for: next@15.5.23 want: 15.5.23
1654 silly placeDep ROOT @next/swc-linux-x64-gnu@15.5.23 OK for: next@15.5.23 want: 15.5.23
1655 silly placeDep ROOT @next/swc-linux-x64-musl@15.5.23 OK for: next@15.5.23 want: 15.5.23
1656 silly placeDep ROOT @next/swc-win32-arm64-msvc@15.5.23 OK for: next@15.5.23 want: 15.5.23
1657 silly placeDep ROOT @next/swc-win32-x64-msvc@15.5.23 OK for: next@15.5.23 want: 15.5.23
1658 silly placeDep ROOT @swc/helpers@0.5.15 OK for: next@15.5.23 want: 0.5.15
1659 silly placeDep ROOT caniuse-lite@1.0.30001809 OK for: next@15.5.23 want: ^1.0.30001579
1660 silly placeDep ROOT postcss@8.4.31 OK for: next@15.5.23 want: 8.4.31
1661 silly placeDep ROOT sharp@0.34.5 OK for: next@15.5.23 want: ^0.34.3
1662 silly placeDep ROOT styled-jsx@5.1.6 OK for: next@15.5.23 want: 5.1.6
1663 silly fetch manifest tslib@^2.8.0
1664 silly packumentCache full:https://registry.npmmirror.com/tslib cache-miss
1665 silly fetch manifest nanoid@^3.3.6
1666 silly packumentCache full:https://registry.npmmirror.com/nanoid cache-miss
1667 silly fetch manifest picocolors@^1.0.0
1668 silly packumentCache full:https://registry.npmmirror.com/picocolors cache-miss
1669 silly fetch manifest source-map-js@^1.0.2
1670 silly packumentCache full:https://registry.npmmirror.com/source-map-js cache-miss
1671 silly fetch manifest @img/colour@^1.0.0
1672 silly packumentCache full:https://registry.npmmirror.com/@img%2fcolour cache-miss
1673 silly fetch manifest detect-libc@^2.1.2
1674 silly packumentCache full:https://registry.npmmirror.com/detect-libc cache-miss
1675 silly fetch manifest @img/sharp-darwin-arm64@0.34.5
1676 silly packumentCache full:https://registry.npmmirror.com/@img%2fsharp-darwin-arm64 cache-miss
1677 silly fetch manifest @img/sharp-darwin-x64@0.34.5
1678 silly packumentCache full:https://registry.npmmirror.com/@img%2fsharp-darwin-x64 cache-miss
1679 silly fetch manifest @img/sharp-libvips-darwin-arm64@1.2.4
1680 silly packumentCache full:https://registry.npmmirror.com/@img%2fsharp-libvips-darwin-arm64 cache-miss
1681 silly fetch manifest @img/sharp-libvips-darwin-x64@1.2.4
1682 silly packumentCache full:https://registry.npmmirror.com/@img%2fsharp-libvips-darwin-x64 cache-miss
1683 silly fetch manifest @img/sharp-libvips-linux-arm@1.2.4
1684 silly packumentCache full:https://registry.npmmirror.com/@img%2fsharp-libvips-linux-arm cache-miss
1685 silly fetch manifest @img/sharp-libvips-linux-arm64@1.2.4
1686 silly packumentCache full:https://registry.npmmirror.com/@img%2fsharp-libvips-linux-arm64 cache-miss
1687 silly fetch manifest @img/sharp-libvips-linux-ppc64@1.2.4
1688 silly packumentCache full:https://registry.npmmirror.com/@img%2fsharp-libvips-linux-ppc64 cache-miss
1689 silly fetch manifest @img/sharp-libvips-linux-riscv64@1.2.4
1690 silly packumentCache full:https://registry.npmmirror.com/@img%2fsharp-libvips-linux-riscv64 cache-miss
1691 silly fetch manifest @img/sharp-libvips-linux-s390x@1.2.4
1692 silly packumentCache full:https://registry.npmmirror.com/@img%2fsharp-libvips-linux-s390x cache-miss
1693 http fetch GET 200 https://registry.npmmirror.com/tslib 45ms (cache miss)
1694 silly packumentCache full:https://registry.npmmirror.com/tslib set size:33198 disposed:false
1695 silly fetch manifest @img/sharp-libvips-linux-x64@1.2.4
1696 silly packumentCache full:https://registry.npmmirror.com/@img%2fsharp-libvips-linux-x64 cache-miss
1697 http fetch GET 200 https://registry.npmmirror.com/picocolors 76ms (cache miss)
1698 silly packumentCache full:https://registry.npmmirror.com/picocolors set size:4040 disposed:false
1699 silly fetch manifest @img/sharp-libvips-linuxmusl-arm64@1.2.4
1700 silly packumentCache full:https://registry.npmmirror.com/@img%2fsharp-libvips-linuxmusl-arm64 cache-miss
1701 http fetch GET 200 https://registry.npmmirror.com/@img%2fcolour 85ms (cache miss)
1702 silly packumentCache full:https://registry.npmmirror.com/@img%2fcolour set size:3036 disposed:false
1703 silly fetch manifest @img/sharp-libvips-linuxmusl-x64@1.2.4
1704 silly packumentCache full:https://registry.npmmirror.com/@img%2fsharp-libvips-linuxmusl-x64 cache-miss
1705 http fetch GET 200 https://registry.npmmirror.com/detect-libc 99ms (cache miss)
1706 silly packumentCache full:https://registry.npmmirror.com/detect-libc set size:10958 disposed:false
1707 silly fetch manifest @img/sharp-linux-arm@0.34.5
1708 silly packumentCache full:https://registry.npmmirror.com/@img%2fsharp-linux-arm cache-miss
1709 http fetch GET 200 https://registry.npmmirror.com/@img%2fsharp-libvips-linux-arm64 100ms (cache miss)
1710 silly packumentCache full:https://registry.npmmirror.com/@img%2fsharp-libvips-linux-arm64 set size:17058 disposed:false
1711 silly fetch manifest @img/sharp-linux-arm64@0.34.5
1712 silly packumentCache full:https://registry.npmmirror.com/@img%2fsharp-linux-arm64 cache-miss
1713 http fetch GET 200 https://registry.npmmirror.com/@img%2fsharp-darwin-x64 103ms (cache miss)
1714 silly packumentCache full:https://registry.npmmirror.com/@img%2fsharp-darwin-x64 set size:20428 disposed:false
1715 silly fetch manifest @img/sharp-linux-ppc64@0.34.5
1716 silly packumentCache full:https://registry.npmmirror.com/@img%2fsharp-linux-ppc64 cache-miss
1717 http fetch GET 200 https://registry.npmmirror.com/@img%2fsharp-libvips-darwin-arm64 112ms (cache miss)
1718 silly packumentCache full:https://registry.npmmirror.com/@img%2fsharp-libvips-darwin-arm64 set size:16627 disposed:false
1719 silly fetch manifest @img/sharp-linux-riscv64@0.34.5
1720 silly packumentCache full:https://registry.npmmirror.com/@img%2fsharp-linux-riscv64 cache-miss
1721 http fetch GET 200 https://registry.npmmirror.com/@img%2fsharp-libvips-linux-ppc64 139ms (cache miss)
1722 silly packumentCache full:https://registry.npmmirror.com/@img%2fsharp-libvips-linux-ppc64 set size:14018 disposed:false
1723 silly fetch manifest @img/sharp-linux-s390x@0.34.5
1724 silly packumentCache full:https://registry.npmmirror.com/@img%2fsharp-linux-s390x cache-miss
1725 http fetch GET 200 https://registry.npmmirror.com/@img%2fsharp-libvips-linux-arm 143ms (cache miss)
1726 silly packumentCache full:https://registry.npmmirror.com/@img%2fsharp-libvips-linux-arm set size:17813 disposed:false
1727 silly fetch manifest @img/sharp-linux-x64@0.34.5
1728 silly packumentCache full:https://registry.npmmirror.com/@img%2fsharp-linux-x64 cache-miss
1729 http fetch GET 200 https://registry.npmmirror.com/@img%2fsharp-libvips-linux-s390x 143ms (cache miss)
1730 silly packumentCache full:https://registry.npmmirror.com/@img%2fsharp-libvips-linux-s390x set size:15912 disposed:false
1731 silly fetch manifest @img/sharp-linuxmusl-arm64@0.34.5
1732 silly packumentCache full:https://registry.npmmirror.com/@img%2fsharp-linuxmusl-arm64 cache-miss
1733 http fetch GET 200 https://registry.npmmirror.com/@img%2fsharp-libvips-linux-riscv64 155ms (cache miss)
1734 silly packumentCache full:https://registry.npmmirror.com/@img%2fsharp-libvips-linux-riscv64 set size:11336 disposed:false
1735 silly fetch manifest @img/sharp-linuxmusl-x64@0.34.5
1736 silly packumentCache full:https://registry.npmmirror.com/@img%2fsharp-linuxmusl-x64 cache-miss
1737 http fetch GET 200 https://registry.npmmirror.com/@img%2fsharp-libvips-darwin-x64 159ms (cache miss)
1738 silly packumentCache full:https://registry.npmmirror.com/@img%2fsharp-libvips-darwin-x64 set size:16378 disposed:false
1739 silly fetch manifest @img/sharp-wasm32@0.34.5
1740 silly packumentCache full:https://registry.npmmirror.com/@img%2fsharp-wasm32 cache-miss
1741 http fetch GET 200 https://registry.npmmirror.com/@img%2fsharp-darwin-arm64 163ms (cache miss)
1742 silly packumentCache full:https://registry.npmmirror.com/@img%2fsharp-darwin-arm64 set size:20413 disposed:false
1743 silly fetch manifest @img/sharp-win32-arm64@0.34.5
1744 silly packumentCache full:https://registry.npmmirror.com/@img%2fsharp-win32-arm64 cache-miss
1745 http fetch GET 200 https://registry.npmmirror.com/@img%2fsharp-libvips-linuxmusl-x64 131ms (cache miss)
1746 silly packumentCache full:https://registry.npmmirror.com/@img%2fsharp-libvips-linuxmusl-x64 set size:16212 disposed:false
1747 silly fetch manifest @img/sharp-win32-ia32@0.34.5
1748 silly packumentCache full:https://registry.npmmirror.com/@img%2fsharp-win32-ia32 cache-miss
1749 http fetch GET 200 https://registry.npmmirror.com/@img%2fsharp-libvips-linux-x64 173ms (cache miss)
1750 silly packumentCache full:https://registry.npmmirror.com/@img%2fsharp-libvips-linux-x64 set size:16787 disposed:false
1751 silly fetch manifest @img/sharp-win32-x64@0.34.5
1752 silly packumentCache full:https://registry.npmmirror.com/@img%2fsharp-win32-x64 cache-miss
1753 http fetch GET 200 https://registry.npmmirror.com/@img%2fsharp-libvips-linuxmusl-arm64 149ms (cache miss)
1754 silly packumentCache full:https://registry.npmmirror.com/@img%2fsharp-libvips-linuxmusl-arm64 set size:16799 disposed:false
1755 silly fetch manifest client-only@0.0.1
1756 silly packumentCache full:https://registry.npmmirror.com/client-only cache-miss
1757 http fetch GET 200 https://registry.npmmirror.com/@img%2fsharp-linux-ppc64 123ms (cache miss)
1758 silly packumentCache full:https://registry.npmmirror.com/@img%2fsharp-linux-ppc64 set size:12763 disposed:false
1759 http fetch GET 200 https://registry.npmmirror.com/@img%2fsharp-linux-arm 129ms (cache miss)
1760 silly packumentCache full:https://registry.npmmirror.com/@img%2fsharp-linux-arm set size:19903 disposed:false
1761 http fetch GET 200 https://registry.npmmirror.com/@img%2fsharp-linux-arm64 129ms (cache miss)
1762 silly packumentCache full:https://registry.npmmirror.com/@img%2fsharp-linux-arm64 set size:19956 disposed:false
1763 http fetch GET 200 https://registry.npmmirror.com/@img%2fsharp-linux-riscv64 134ms (cache miss)
1764 silly packumentCache full:https://registry.npmmirror.com/@img%2fsharp-linux-riscv64 set size:8847 disposed:false
1765 http fetch GET 200 https://registry.npmmirror.com/@img%2fsharp-linux-s390x 110ms (cache miss)
1766 silly packumentCache full:https://registry.npmmirror.com/@img%2fsharp-linux-s390x set size:19633 disposed:false
1767 http fetch GET 200 https://registry.npmmirror.com/@img%2fsharp-linux-x64 108ms (cache miss)
1768 silly packumentCache full:https://registry.npmmirror.com/@img%2fsharp-linux-x64 set size:19981 disposed:false
1769 http fetch GET 200 https://registry.npmmirror.com/@img%2fsharp-win32-arm64 101ms (cache miss)
1770 silly packumentCache full:https://registry.npmmirror.com/@img%2fsharp-win32-arm64 set size:12379 disposed:false
1771 http fetch GET 200 https://registry.npmmirror.com/@img%2fsharp-linuxmusl-arm64 121ms (cache miss)
1772 silly packumentCache full:https://registry.npmmirror.com/@img%2fsharp-linuxmusl-arm64 set size:19902 disposed:false
1773 http fetch GET 200 https://registry.npmmirror.com/@img%2fsharp-linuxmusl-x64 110ms (cache miss)
1774 silly packumentCache full:https://registry.npmmirror.com/@img%2fsharp-linuxmusl-x64 set size:20058 disposed:false
1775 http fetch GET 200 https://registry.npmmirror.com/@img%2fsharp-win32-ia32 60ms (cache miss)
1776 silly packumentCache full:https://registry.npmmirror.com/@img%2fsharp-win32-ia32 set size:20596 disposed:false
1777 http fetch GET 200 https://registry.npmmirror.com/@img%2fsharp-win32-x64 71ms (cache miss)
1778 silly packumentCache full:https://registry.npmmirror.com/@img%2fsharp-win32-x64 set size:20550 disposed:false
1779 http fetch GET 200 https://registry.npmmirror.com/source-map-js 315ms (cache miss)
1780 silly packumentCache full:https://registry.npmmirror.com/source-map-js set size:14399 disposed:false
1781 http fetch GET 200 https://registry.npmmirror.com/nanoid 328ms (cache miss)
1782 silly packumentCache full:https://registry.npmmirror.com/nanoid set size:54118 disposed:false
1783 http fetch GET 200 https://registry.npmmirror.com/@img%2fsharp-wasm32 329ms (cache miss)
1784 silly packumentCache full:https://registry.npmmirror.com/@img%2fsharp-wasm32 set size:19993 disposed:false
1785 http fetch GET 200 https://registry.npmmirror.com/client-only 302ms (cache miss)
1786 silly packumentCache full:https://registry.npmmirror.com/client-only set size:1752 disposed:false
1787 silly placeDep ROOT tslib@2.8.1 OK for: @swc/helpers@0.5.15 want: ^2.8.0
1788 silly placeDep ROOT deep-is@0.1.4 OK for: optionator@0.9.4 want: ^0.1.3
1789 silly placeDep ROOT fast-levenshtein@2.0.6 OK for: optionator@0.9.4 want: ^2.0.6
1790 silly placeDep ROOT word-wrap@1.2.5 OK for: optionator@0.9.4 want: ^1.2.5
1791 silly placeDep ROOT p-limit@3.1.0 OK for: p-locate@5.0.0 want: ^3.0.2
1792 silly fetch manifest yocto-queue@^0.1.0
1793 silly packumentCache full:https://registry.npmmirror.com/yocto-queue cache-miss
1794 http fetch GET 200 https://registry.npmmirror.com/yocto-queue 306ms (cache miss)
1795 silly packumentCache full:https://registry.npmmirror.com/yocto-queue set size:4829 disposed:false
1796 silly placeDep ROOT yocto-queue@0.1.0 OK for: p-limit@3.1.0 want: ^0.1.0
1797 silly placeDep ROOT callsites@3.1.0 OK for: parent-module@1.0.1 want: ^3.0.0
1798 silly placeDep ROOT nanoid@3.3.18 OK for: postcss@8.4.31 want: ^3.3.6
1799 silly placeDep ROOT picocolors@1.1.1 OK for: postcss@8.4.31 want: ^1.0.0
1800 silly placeDep ROOT source-map-js@1.2.1 OK for: postcss@8.4.31 want: ^1.0.2
1801 silly placeDep ROOT loose-envify@1.4.0 OK for: prop-types@15.8.1 want: ^1.4.0
1802 silly placeDep ROOT object-assign@4.1.1 OK for: prop-types@15.8.1 want: ^4.1.1
1803 silly placeDep ROOT react-is@16.13.1 OK for: prop-types@15.8.1 want: ^16.13.1
1804 silly fetch manifest js-tokens@^3.0.0 || ^4.0.0
1805 silly packumentCache full:https://registry.npmmirror.com/js-tokens cache-miss
1806 http fetch GET 200 https://registry.npmmirror.com/js-tokens 66ms (cache miss)
1807 silly packumentCache full:https://registry.npmmirror.com/js-tokens set size:9897 disposed:false
1808 silly placeDep ROOT js-tokens@4.0.0 OK for: loose-envify@1.4.0 want: ^3.0.0 || ^4.0.0
1809 silly placeDep ROOT scheduler@0.27.0 OK for: react-dom@19.2.8 want: ^0.27.0
1810 silly placeDep ROOT node-exports-info@1.6.2 OK for: resolve@2.0.0-next.7 want: ^1.6.0
1811 silly placeDep ROOT path-parse@1.0.7 OK for: resolve@2.0.0-next.7 want: ^1.0.7
1812 silly placeDep ROOT supports-preserve-symlinks-flag@1.0.0 OK for: resolve@2.0.0-next.7 want: ^1.0.0
1813 silly placeDep node_modules/node-exports-info semver@6.3.1 OK for: node-exports-info@1.6.2 want: ^6.3.1
1814 silly placeDep ROOT queue-microtask@1.2.3 OK for: run-parallel@1.2.0 want: ^1.2.2
1815 silly placeDep ROOT isarray@2.0.5 OK for: safe-array-concat@1.1.4 want: ^2.0.5
1816 silly placeDep ROOT @img/colour@1.1.0 OK for: sharp@0.34.5 want: ^1.0.0
1817 silly placeDep ROOT @img/sharp-darwin-arm64@0.34.5 OK for: sharp@0.34.5 want: 0.34.5
1818 silly placeDep ROOT @img/sharp-darwin-x64@0.34.5 OK for: sharp@0.34.5 want: 0.34.5
1819 silly placeDep ROOT @img/sharp-libvips-darwin-arm64@1.2.4 OK for: sharp@0.34.5 want: 1.2.4
1820 silly placeDep ROOT @img/sharp-libvips-darwin-x64@1.2.4 OK for: sharp@0.34.5 want: 1.2.4
1821 silly placeDep ROOT @img/sharp-libvips-linux-arm@1.2.4 OK for: sharp@0.34.5 want: 1.2.4
1822 silly placeDep ROOT @img/sharp-libvips-linux-arm64@1.2.4 OK for: sharp@0.34.5 want: 1.2.4
1823 silly placeDep ROOT @img/sharp-libvips-linux-ppc64@1.2.4 OK for: sharp@0.34.5 want: 1.2.4
1824 silly placeDep ROOT @img/sharp-libvips-linux-riscv64@1.2.4 OK for: sharp@0.34.5 want: 1.2.4
1825 silly placeDep ROOT @img/sharp-libvips-linux-s390x@1.2.4 OK for: sharp@0.34.5 want: 1.2.4
1826 silly placeDep ROOT @img/sharp-libvips-linux-x64@1.2.4 OK for: sharp@0.34.5 want: 1.2.4
1827 silly placeDep ROOT @img/sharp-libvips-linuxmusl-arm64@1.2.4 OK for: sharp@0.34.5 want: 1.2.4
1828 silly placeDep ROOT @img/sharp-libvips-linuxmusl-x64@1.2.4 OK for: sharp@0.34.5 want: 1.2.4
1829 silly placeDep ROOT @img/sharp-linux-arm@0.34.5 OK for: sharp@0.34.5 want: 0.34.5
1830 silly placeDep ROOT @img/sharp-linux-arm64@0.34.5 OK for: sharp@0.34.5 want: 0.34.5
1831 silly placeDep ROOT @img/sharp-linux-ppc64@0.34.5 OK for: sharp@0.34.5 want: 0.34.5
1832 silly placeDep ROOT @img/sharp-linux-riscv64@0.34.5 OK for: sharp@0.34.5 want: 0.34.5
1833 silly placeDep ROOT @img/sharp-linux-s390x@0.34.5 OK for: sharp@0.34.5 want: 0.34.5
1834 silly placeDep ROOT @img/sharp-linux-x64@0.34.5 OK for: sharp@0.34.5 want: 0.34.5
1835 silly placeDep ROOT @img/sharp-linuxmusl-arm64@0.34.5 OK for: sharp@0.34.5 want: 0.34.5
1836 silly placeDep ROOT @img/sharp-linuxmusl-x64@0.34.5 OK for: sharp@0.34.5 want: 0.34.5
1837 silly placeDep ROOT @img/sharp-wasm32@0.34.5 OK for: sharp@0.34.5 want: 0.34.5
1838 silly placeDep ROOT @img/sharp-win32-arm64@0.34.5 OK for: sharp@0.34.5 want: 0.34.5
1839 silly placeDep ROOT @img/sharp-win32-ia32@0.34.5 OK for: sharp@0.34.5 want: 0.34.5
1840 silly placeDep ROOT @img/sharp-win32-x64@0.34.5 OK for: sharp@0.34.5 want: 0.34.5
1841 silly placeDep ROOT detect-libc@2.1.2 OK for: sharp@0.34.5 want: ^2.1.2
1842 silly fetch manifest @emnapi/runtime@^1.7.0
1843 silly packumentCache full:https://registry.npmmirror.com/@emnapi%2fruntime cache-miss
1844 http fetch GET 200 https://registry.npmmirror.com/@emnapi%2fruntime 378ms (cache miss)
1845 silly packumentCache full:https://registry.npmmirror.com/@emnapi%2fruntime set size:30299 disposed:false
1846 silly placeDep ROOT @emnapi/runtime@1.11.3 OK for: @img/sharp-wasm32@0.34.5 want: ^1.7.0
1847 silly placeDep ROOT shebang-regex@3.0.0 OK for: shebang-command@2.0.0 want: ^3.0.0
1848 silly placeDep ROOT side-channel-list@1.0.1 OK for: side-channel@1.1.1 want: ^1.0.1
1849 silly placeDep ROOT side-channel-map@1.0.1 OK for: side-channel@1.1.1 want: ^1.0.1
1850 silly placeDep ROOT side-channel-weakmap@1.0.2 OK for: side-channel@1.1.1 want: ^1.0.2
1851 silly placeDep ROOT client-only@0.0.1 OK for: styled-jsx@5.1.6 want: 0.0.1
1852 silly placeDep ROOT has-flag@4.0.0 OK for: supports-color@7.2.0 want: ^4.0.0
1853 silly placeDep ROOT fdir@6.5.0 OK for: tinyglobby@0.2.17 want: ^6.5.0
1854 silly placeDep node_modules/tinyglobby picomatch@4.0.5 OK for: tinyglobby@0.2.17 want: ^4.0.4
1855 silly placeDep ROOT is-number@7.0.0 OK for: to-regex-range@5.0.1 want: ^7.0.0
1856 silly placeDep ROOT @types/json5@0.0.29 OK for: tsconfig-paths@3.15.0 want: ^0.0.29
1857 silly placeDep ROOT json5@1.0.2 OK for: tsconfig-paths@3.15.0 want: ^1.0.2
1858 silly placeDep ROOT minimist@1.2.8 OK for: tsconfig-paths@3.15.0 want: ^1.2.6
1859 silly placeDep ROOT strip-bom@3.0.0 OK for: tsconfig-paths@3.15.0 want: ^3.0.0
1860 silly fetch manifest minimist@^1.2.0
1861 silly packumentCache full:https://registry.npmmirror.com/minimist cache-hit
1862 silly placeDep ROOT for-each@0.3.5 OK for: typed-array-byte-length@1.0.3 want: ^0.3.3
1863 silly placeDep ROOT reflect.getprototypeof@1.0.10 OK for: typed-array-byte-offset@1.0.4 want: ^1.0.9
1864 silly fetch manifest which-builtin-type@^1.2.1
1865 silly packumentCache full:https://registry.npmmirror.com/which-builtin-type cache-miss
1866 http fetch GET 200 https://registry.npmmirror.com/which-builtin-type 314ms (cache miss)
1867 silly packumentCache full:https://registry.npmmirror.com/which-builtin-type set size:8011 disposed:false
1868 silly placeDep ROOT which-builtin-type@1.2.1 OK for: reflect.getprototypeof@1.0.10 want: ^1.2.1
1869 silly fetch manifest is-async-function@^2.0.0
1870 silly packumentCache full:https://registry.npmmirror.com/is-async-function cache-miss
1871 silly fetch manifest is-finalizationregistry@^1.1.0
1872 silly packumentCache full:https://registry.npmmirror.com/is-finalizationregistry cache-miss
1873 silly fetch manifest is-generator-function@^1.0.10
1874 silly packumentCache full:https://registry.npmmirror.com/is-generator-function cache-miss
1875 silly fetch manifest which-boxed-primitive@^1.1.0
1876 silly packumentCache full:https://registry.npmmirror.com/which-boxed-primitive cache-hit
1877 silly fetch manifest which-collection@^1.0.2
1878 silly packumentCache full:https://registry.npmmirror.com/which-collection cache-miss
1879 http fetch GET 200 https://registry.npmmirror.com/is-async-function 314ms (cache miss)
1880 silly packumentCache full:https://registry.npmmirror.com/is-async-function set size:11381 disposed:false
1881 http fetch GET 200 https://registry.npmmirror.com/is-finalizationregistry 341ms (cache miss)
1882 silly packumentCache full:https://registry.npmmirror.com/is-finalizationregistry set size:5452 disposed:false
1883 http fetch GET 200 https://registry.npmmirror.com/which-collection 341ms (cache miss)
1884 silly packumentCache full:https://registry.npmmirror.com/which-collection set size:3453 disposed:false
1885 http fetch GET 200 https://registry.npmmirror.com/is-generator-function 346ms (cache miss)
1886 silly packumentCache full:https://registry.npmmirror.com/is-generator-function set size:7767 disposed:false
1887 silly placeDep ROOT has-bigints@1.1.0 OK for: unbox-primitive@1.1.0 want: ^1.0.2
1888 silly placeDep ROOT which-boxed-primitive@1.1.1 OK for: unbox-primitive@1.1.0 want: ^1.1.1
1889 silly fetch manifest is-bigint@^1.1.0
1890 silly packumentCache full:https://registry.npmmirror.com/is-bigint cache-miss
1891 silly fetch manifest is-boolean-object@^1.2.1
1892 silly packumentCache full:https://registry.npmmirror.com/is-boolean-object cache-miss
1893 silly fetch manifest is-number-object@^1.1.1
1894 silly packumentCache full:https://registry.npmmirror.com/is-number-object cache-miss
1895 http fetch GET 200 https://registry.npmmirror.com/is-bigint 330ms (cache miss)
1896 silly packumentCache full:https://registry.npmmirror.com/is-bigint set size:4054 disposed:false
1897 http fetch GET 200 https://registry.npmmirror.com/is-number-object 333ms (cache miss)
1898 silly packumentCache full:https://registry.npmmirror.com/is-number-object set size:6746 disposed:false
1899 http fetch GET 200 https://registry.npmmirror.com/is-boolean-object 335ms (cache miss)
1900 silly packumentCache full:https://registry.npmmirror.com/is-boolean-object set size:5867 disposed:false
1901 silly placeDep ROOT @unrs/resolver-binding-android-arm-eabi@1.12.2 OK for: unrs-resolver@1.12.2 want: 1.12.2
1902 silly placeDep ROOT @unrs/resolver-binding-android-arm64@1.12.2 OK for: unrs-resolver@1.12.2 want: 1.12.2
1903 silly placeDep ROOT @unrs/resolver-binding-darwin-arm64@1.12.2 OK for: unrs-resolver@1.12.2 want: 1.12.2
1904 silly placeDep ROOT @unrs/resolver-binding-darwin-x64@1.12.2 OK for: unrs-resolver@1.12.2 want: 1.12.2
1905 silly placeDep ROOT @unrs/resolver-binding-freebsd-x64@1.12.2 OK for: unrs-resolver@1.12.2 want: 1.12.2
1906 silly placeDep ROOT @unrs/resolver-binding-linux-arm-gnueabihf@1.12.2 OK for: unrs-resolver@1.12.2 want: 1.12.2
1907 silly placeDep ROOT @unrs/resolver-binding-linux-arm-musleabihf@1.12.2 OK for: unrs-resolver@1.12.2 want: 1.12.2
1908 silly placeDep ROOT @unrs/resolver-binding-linux-arm64-gnu@1.12.2 OK for: unrs-resolver@1.12.2 want: 1.12.2
1909 silly placeDep ROOT @unrs/resolver-binding-linux-arm64-musl@1.12.2 OK for: unrs-resolver@1.12.2 want: 1.12.2
1910 silly placeDep ROOT @unrs/resolver-binding-linux-loong64-gnu@1.12.2 OK for: unrs-resolver@1.12.2 want: 1.12.2
1911 silly placeDep ROOT @unrs/resolver-binding-linux-loong64-musl@1.12.2 OK for: unrs-resolver@1.12.2 want: 1.12.2
1912 silly placeDep ROOT @unrs/resolver-binding-linux-ppc64-gnu@1.12.2 OK for: unrs-resolver@1.12.2 want: 1.12.2
1913 silly placeDep ROOT @unrs/resolver-binding-linux-riscv64-gnu@1.12.2 OK for: unrs-resolver@1.12.2 want: 1.12.2
1914 silly placeDep ROOT @unrs/resolver-binding-linux-riscv64-musl@1.12.2 OK for: unrs-resolver@1.12.2 want: 1.12.2
1915 silly placeDep ROOT @unrs/resolver-binding-linux-s390x-gnu@1.12.2 OK for: unrs-resolver@1.12.2 want: 1.12.2
1916 silly placeDep ROOT @unrs/resolver-binding-linux-x64-gnu@1.12.2 OK for: unrs-resolver@1.12.2 want: 1.12.2
1917 silly placeDep ROOT @unrs/resolver-binding-linux-x64-musl@1.12.2 OK for: unrs-resolver@1.12.2 want: 1.12.2
1918 silly placeDep ROOT @unrs/resolver-binding-openharmony-arm64@1.12.2 OK for: unrs-resolver@1.12.2 want: 1.12.2
1919 silly placeDep ROOT @unrs/resolver-binding-wasm32-wasi@1.12.2 OK for: unrs-resolver@1.12.2 want: 1.12.2
1920 silly placeDep ROOT @unrs/resolver-binding-win32-arm64-msvc@1.12.2 OK for: unrs-resolver@1.12.2 want: 1.12.2
1921 silly placeDep ROOT @unrs/resolver-binding-win32-ia32-msvc@1.12.2 OK for: unrs-resolver@1.12.2 want: 1.12.2
1922 silly placeDep ROOT @unrs/resolver-binding-win32-x64-msvc@1.12.2 OK for: unrs-resolver@1.12.2 want: 1.12.2
1923 silly placeDep ROOT napi-postinstall@0.3.4 OK for: unrs-resolver@1.12.2 want: ^0.3.4
1924 silly fetch manifest @napi-rs/wasm-runtime@^1.1.4
1925 silly packumentCache full:https://registry.npmmirror.com/@napi-rs%2fwasm-runtime cache-miss
1926 silly fetch manifest @emnapi/core@1.10.0
1927 silly packumentCache full:https://registry.npmmirror.com/@emnapi%2fcore cache-miss
1928 silly fetch manifest @emnapi/runtime@1.10.0
1929 silly packumentCache full:https://registry.npmmirror.com/@emnapi%2fruntime cache-hit
1930 http fetch GET 200 https://registry.npmmirror.com/@napi-rs%2fwasm-runtime 329ms (cache miss)
1931 silly packumentCache full:https://registry.npmmirror.com/@napi-rs%2fwasm-runtime set size:15990 disposed:false
1932 http fetch GET 200 https://registry.npmmirror.com/@emnapi%2fcore 331ms (cache miss)
1933 silly packumentCache full:https://registry.npmmirror.com/@emnapi%2fcore set size:29993 disposed:false
1934 silly placeDep ROOT @emnapi/core@1.10.0 OK for: @unrs/resolver-binding-wasm32-wasi@1.12.2 want: 1.10.0
1935 silly placeDep node_modules/@unrs/resolver-binding-wasm32-wasi @emnapi/runtime@1.10.0 OK for: @unrs/resolver-binding-wasm32-wasi@1.12.2 want: 1.10.0
1936 silly placeDep ROOT @napi-rs/wasm-runtime@1.2.3 OK for: @unrs/resolver-binding-wasm32-wasi@1.12.2 want: ^1.1.4
1937 silly fetch manifest @emnapi/wasi-threads@1.2.1
1938 silly packumentCache full:https://registry.npmmirror.com/@emnapi%2fwasi-threads cache-miss
1939 silly fetch manifest @tybys/wasm-util@^0.10.3
1940 silly packumentCache full:https://registry.npmmirror.com/@tybys%2fwasm-util cache-miss
1941 http fetch GET 200 https://registry.npmmirror.com/@emnapi%2fwasi-threads 312ms (cache miss)
1942 silly packumentCache full:https://registry.npmmirror.com/@emnapi%2fwasi-threads set size:8011 disposed:false
1943 http fetch GET 200 https://registry.npmmirror.com/@tybys%2fwasm-util 332ms (cache miss)
1944 silly packumentCache full:https://registry.npmmirror.com/@tybys%2fwasm-util set size:16848 disposed:false
1945 silly placeDep ROOT @emnapi/wasi-threads@1.2.1 OK for: @emnapi/core@1.10.0 want: 1.2.1
1946 silly placeDep ROOT @tybys/wasm-util@0.10.3 OK for: @napi-rs/wasm-runtime@1.2.3 want: ^0.10.3
1947 silly placeDep ROOT punycode@2.3.1 OK for: uri-js@4.4.1 want: ^2.1.0
1948 silly placeDep ROOT isexe@2.0.0 OK for: which@2.0.2 want: ^2.0.0
1949 silly placeDep ROOT is-bigint@1.1.0 OK for: which-boxed-primitive@1.1.1 want: ^1.1.0
1950 silly placeDep ROOT is-boolean-object@1.2.2 OK for: which-boxed-primitive@1.1.1 want: ^1.2.1
1951 silly placeDep ROOT is-number-object@1.1.1 OK for: which-boxed-primitive@1.1.1 want: ^1.1.1
1952 silly placeDep ROOT is-async-function@2.1.1 OK for: which-builtin-type@1.2.1 want: ^2.0.0
1953 silly placeDep ROOT is-finalizationregistry@1.1.1 OK for: which-builtin-type@1.2.1 want: ^1.1.0
1954 silly placeDep ROOT is-generator-function@1.1.2 OK for: which-builtin-type@1.2.1 want: ^1.0.10
1955 silly placeDep ROOT which-collection@1.0.2 OK for: which-builtin-type@1.2.1 want: ^1.0.2
1956 silly fetch manifest async-function@^1.0.0
1957 silly packumentCache full:https://registry.npmmirror.com/async-function cache-miss
1958 silly fetch manifest generator-function@^2.0.0
1959 silly packumentCache full:https://registry.npmmirror.com/generator-function cache-miss
1960 silly fetch manifest is-map@^2.0.3
1961 silly packumentCache full:https://registry.npmmirror.com/is-map cache-miss
1962 silly fetch manifest is-weakmap@^2.0.2
1963 silly packumentCache full:https://registry.npmmirror.com/is-weakmap cache-miss
1964 silly fetch manifest is-weakset@^2.0.3
1965 silly packumentCache full:https://registry.npmmirror.com/is-weakset cache-miss
1966 http fetch GET 200 https://registry.npmmirror.com/is-weakmap 295ms (cache miss)
1967 silly packumentCache full:https://registry.npmmirror.com/is-weakmap set size:4107 disposed:false
1968 http fetch GET 200 https://registry.npmmirror.com/async-function 327ms (cache miss)
1969 silly packumentCache full:https://registry.npmmirror.com/async-function set size:2930 disposed:false
1970 http fetch GET 200 https://registry.npmmirror.com/is-map 327ms (cache miss)
1971 silly packumentCache full:https://registry.npmmirror.com/is-map set size:4390 disposed:false
1972 http fetch GET 200 https://registry.npmmirror.com/generator-function 331ms (cache miss)
1973 silly packumentCache full:https://registry.npmmirror.com/generator-function set size:3383 disposed:false
1974 http fetch GET 200 https://registry.npmmirror.com/is-weakset 360ms (cache miss)
1975 silly packumentCache full:https://registry.npmmirror.com/is-weakset set size:5795 disposed:false
1976 silly placeDep ROOT async-function@1.0.0 OK for: is-async-function@2.1.1 want: ^1.0.0
1977 silly placeDep ROOT generator-function@2.0.1 OK for: is-generator-function@1.1.2 want: ^2.0.0
1978 silly placeDep ROOT is-map@2.0.3 OK for: which-collection@1.0.2 want: ^2.0.3
1979 silly placeDep ROOT is-weakmap@2.0.2 OK for: which-collection@1.0.2 want: ^2.0.2
1980 silly placeDep ROOT is-weakset@2.0.4 OK for: which-collection@1.0.2 want: ^2.0.3
1981 silly placeDep node_modules/@typescript-eslint/typescript-estree brace-expansion@5.0.9 OK for: minimatch@10.2.6 want: ^5.0.8
1982 silly fetch manifest balanced-match@^4.0.2
1983 silly packumentCache full:https://registry.npmmirror.com/balanced-match cache-hit
1984 silly placeDep node_modules/@typescript-eslint/typescript-estree balanced-match@4.0.4 OK for: brace-expansion@5.0.9 want: ^4.0.2
1985 verbose stack Error: EPERM: operation not permitted, open 'C:\Users\Lwh77\Desktop\workspace\okcode\.lockgen\package.json'
1985 verbose stack     at async open (node:internal/fs/promises:639:25)
1985 verbose stack     at async writeFile (node:internal/fs/promises:1219:14)
1985 verbose stack     at async PackageJson.save (C:\Users\Lwh77\.workbuddy\binaries\node\versions\22.22.2\node_modules\npm\node_modules\@npmcli\package-json\lib\index.js:256:23)
1985 verbose stack     at async [saveIdealTree] (C:\Users\Lwh77\.workbuddy\binaries\node\versions\22.22.2\node_modules\npm\node_modules\@npmcli\arborist\lib\arborist\reify.js:1614:9)
1985 verbose stack     at async Arborist.reify (C:\Users\Lwh77\.workbuddy\binaries\node\versions\22.22.2\node_modules\npm\node_modules\@npmcli\arborist\lib\arborist\reify.js:156:5)
1985 verbose stack     at async Install.exec (C:\Users\Lwh77\.workbuddy\binaries\node\versions\22.22.2\node_modules\npm\lib\commands\install.js:150:5)
1985 verbose stack     at async Npm.exec (C:\Users\Lwh77\.workbuddy\binaries\node\versions\22.22.2\node_modules\npm\lib\npm.js:207:9)
1985 verbose stack     at async module.exports (C:\Users\Lwh77\.workbuddy\binaries\node\versions\22.22.2\node_modules\npm\lib\cli\entry.js:74:5)
1986 error code EPERM
1987 error syscall open
1988 error path C:\Users\Lwh77\Desktop\workspace\okcode\.lockgen\package.json
1989 error errno -4048
1990 error Error: EPERM: operation not permitted, open 'C:\Users\Lwh77\Desktop\workspace\okcode\.lockgen\package.json'
1990 error     at async open (node:internal/fs/promises:639:25)
1990 error     at async writeFile (node:internal/fs/promises:1219:14)
1990 error     at async PackageJson.save (C:\Users\Lwh77\.workbuddy\binaries\node\versions\22.22.2\node_modules\npm\node_modules\@npmcli\package-json\lib\index.js:256:23)
1990 error     at async [saveIdealTree] (C:\Users\Lwh77\.workbuddy\binaries\node\versions\22.22.2\node_modules\npm\node_modules\@npmcli\arborist\lib\arborist\reify.js:1614:9)
1990 error     at async Arborist.reify (C:\Users\Lwh77\.workbuddy\binaries\node\versions\22.22.2\node_modules\npm\node_modules\@npmcli\arborist\lib\arborist\reify.js:156:5)
1990 error     at async Install.exec (C:\Users\Lwh77\.workbuddy\binaries\node\versions\22.22.2\node_modules\npm\lib\commands\install.js:150:5)
1990 error     at async Npm.exec (C:\Users\Lwh77\.workbuddy\binaries\node\versions\22.22.2\node_modules\npm\lib\npm.js:207:9)
1990 error     at async module.exports (C:\Users\Lwh77\.workbuddy\binaries\node\versions\22.22.2\node_modules\npm\lib\cli\entry.js:74:5) {
1990 error   errno: -4048,
1990 error   code: 'EPERM',
1990 error   syscall: 'open',
1990 error   path: 'C:\\Users\\Lwh77\\Desktop\\workspace\\okcode\\.lockgen\\package.json'
1990 error }
1991 error
1991 error The operation was rejected by your operating system.
1991 error It's possible that the file was already in use (by a text editor or antivirus),
1991 error or that you lack permissions to access it.
1991 error
1991 error If you believe this might be a permissions issue, please double-check the
1991 error permissions of the file and its containing directories, or try running
1991 error the command again as root/Administrator.
1992 silly unfinished npm timer reify 1787221499864
1993 silly unfinished npm timer reify:save 1787221534710
1994 verbose cwd C:\Users\Lwh77\Desktop\workspace\okcode
1995 verbose os Windows_NT 10.0.26200
1996 verbose node v22.22.2
1997 verbose npm  v10.9.7
1998 notice
1998 notice New major version of npm available! 10.9.7 -> 12.0.2
1998 notice Changelog: https://github.com/npm/cli/releases/tag/v12.0.2
1998 notice To update run: npm install -g npm@12.0.2
1998 notice  { force: true, [Symbol(proc-log.meta)]: true }
1999 verbose exit -4048
2000 verbose code -4048
2001 error A complete log of this run can be found in: C:\Users\Lwh77\Desktop\workspace\okcode\.npm-cache-p1\_logs\2026-08-20T10_24_57_222Z-debug-0.log
